,id,label
0,auntminnie-a-2020_01_28_23_51_6665_2020_01_28_Vietnam_coronavirus.jpeg,COVID-19
1,auntminnie-b-2020_01_28_23_51_6665_2020_01_28_Vietnam_coronavirus.jpeg,COVID-19
2,auntminnie-c-2020_01_28_23_51_6665_2020_01_28_Vietnam_coronavirus.jpeg,COVID-19
3,auntminnie-d-2020_01_28_23_51_6665_2020_01_28_Vietnam_coronavirus.jpeg,COVID-19
4,nejmc2001573_f1a.jpeg,COVID-19
5,nejmc2001573_f1b.jpeg,COVID-19
6,lancet-case2a.jpg,COVID-19
7,lancet-case2b.jpg,COVID-19
8,1-s2.0-S0140673620303706-fx1_lrg.jpg,COVID-19
9,nCoV-radiol.2020200269.fig1-day7.jpeg,COVID-19
10,nejmoa2001191_f1-PA.jpeg,COVID-19
11,nejmoa2001191_f3-PA.jpeg,COVID-19
12,nejmoa2001191_f4.jpeg,COVID-19
13,nejmoa2001191_f5-PA.jpeg,COVID-19
14,ryct.2020200034.fig2.jpeg,COVID-19
15,ryct.2020200034.fig5-day0.jpeg,COVID-19
16,ryct.2020200034.fig5-day4.jpeg,COVID-19
17,ryct.2020200034.fig5-day7.jpeg,COVID-19
18,ryct.2020200028.fig1a.jpeg,COVID-19
19,radiol.2020200490.fig3.jpeg,COVID-19
20,covid-19-pneumonia-2.jpg,COVID-19
21,covid-19-pneumonia-7-PA.jpg,COVID-19
22,covid-19-pneumonia-14-PA.png,COVID-19
23,covid-19-pneumonia-12.jpg,COVID-19
24,7C69C012-7479-493F-8722-ABC29C60A2DD.jpeg,COVID-19
25,F2DE909F-E19C-4900-92F5-8F435B031AC6.jpeg,COVID-19
26,31BA3780-2323-493F-8AED-62081B9C383B.jpeg,COVID-19
27,1312A392-67A3-4EBF-9319-810CF6DA5EF6.jpeg,COVID-19
28,23E99E2E-447C-46E5-8EB2-D35D12473C39.png,COVID-19
29,7AF6C1AF-D249-4BD2-8C26-449304105D03.jpeg,COVID-19
30,CD50BA96-6982-4C80-AE7B-5F67ACDBFA56.jpeg,COVID-19
31,85E52EB3-56E9-4D67-82DA-DEA247C82886.jpeg,COVID-19
32,6CB4EFC6-68FA-4CD5-940C-BEFA8DAFE9A7.jpeg,COVID-19
33,01E392EE-69F9-4E33-BFCE-E5C968654078.jpeg,COVID-19
34,F63AB6CE-1968-4154-A70F-913AF154F53D.jpeg,COVID-19
35,2C26F453-AF3B-4517-BB9E-802CF2179543.jpeg,COVID-19
36,93FE0BB1-022D-4F24-9727-987A07975FFB.jpeg,COVID-19
37,F4341CE7-73C9-45C6-99C8-8567A5484B63.jpeg,COVID-19
38,E63574A7-4188-4C8D-8D17-9D67A18A1AFA.jpeg,COVID-19
39,80446565-E090-4187-A031-9D3CEAA586C8.jpeg,COVID-19
40,all14238-fig-0001-m-b.jpg,COVID-19
41,all14238-fig-0001-m-c.jpg,COVID-19
42,1-s2.0-S1684118220300608-main.pdf-001.jpg,COVID-19
43,1-s2.0-S1684118220300608-main.pdf-002.jpg,COVID-19
44,ciaa199.pdf-001-a.png,COVID-19
45,ciaa199.pdf-001-b.png,COVID-19
46,ciaa199.pdf-001-c.png,COVID-19
47,kjr-21-e24-g001-l-a.jpg,COVID-19
48,kjr-21-e24-g002-l-a.jpg,COVID-19
49,kjr-21-e24-g003-l-a.jpg,COVID-19
50,1-s2.0-S1684118220300682-main.pdf-002-a1.png,COVID-19
51,1-s2.0-S1684118220300682-main.pdf-002-a2.png,COVID-19
52,1-s2.0-S1684118220300682-main.pdf-003-b1.png,COVID-19
53,1-s2.0-S1684118220300682-main.pdf-003-b2.png,COVID-19
54,gr1_lrg-a.jpg,COVID-19
55,gr1_lrg-b.jpg,COVID-19
56,FE9F9A5D-2830-46F9-851B-1FF4534959BE.jpeg,COVID-19
57,41591_2020_819_Fig1_HTML.webp-day5.png,COVID-19
58,41591_2020_819_Fig1_HTML.webp-day10.png,COVID-19
59,covid-19-pneumonia-19.jpg,COVID-19
60,kjr-21-e25-g001-l-a.jpg,COVID-19
61,03BF7561-A9BA-4C3C-B8A0-D3E585F73F3C.jpeg,COVID-19
62,353889E0-A1E8-4F9E-A0B8-F24F36BCFBFB.jpeg,COVID-19
63,figure1-5e75d0940b71e1b702629659-98-right.jpeg,COVID-19
64,figure1-5e71be566aa8714a04de3386-98-left.jpeg,COVID-19
65,2966893D-5DDF-4B68-9E2B-4979D5956C8E.jpeg,COVID-19
66,covid-19-pneumonia-30-PA.jpg,COVID-19
67,6b44464d-73a7-4cf3-bbb6-ffe7168300e3.annot.original.jpeg,COVID-19
68,58cb9263f16e94305c730685358e4e_jumbo.jpeg,COVID-19
69,9fdd3c3032296fd04d2cad5d9070d4_jumbo.jpeg,COVID-19
70,covid-19-infection-exclusive-gastrointestinal-symptoms-pa.png,COVID-19
71,covid-19-infection-exclusive-gastrointestinal-symptoms-l.png,COVID-19
72,covid-19-pneumonia-28.png,COVID-19
73,1.CXRCTThoraximagesofCOVID-19fromSingapore.pdf-000-fig1a.png,COVID-19
74,1.CXRCTThoraximagesofCOVID-19fromSingapore.pdf-000-fig1b.png,COVID-19
75,1.CXRCTThoraximagesofCOVID-19fromSingapore.pdf-001-fig2a.png,COVID-19
76,1.CXRCTThoraximagesofCOVID-19fromSingapore.pdf-001-fig2b.png,COVID-19
77,1.CXRCTThoraximagesofCOVID-19fromSingapore.pdf-002-fig3a.png,COVID-19
78,1.CXRCTThoraximagesofCOVID-19fromSingapore.pdf-002-fig3b.png,COVID-19
79,1.CXRCTThoraximagesofCOVID-19fromSingapore.pdf-003-fig4a.png,COVID-19
80,1.CXRCTThoraximagesofCOVID-19fromSingapore.pdf-003-fig4b.png,COVID-19
81,covid-19-pneumonia-evolution-over-a-week-1-day0-PA.jpg,COVID-19
82,53EC07C9-5CC6-4BE4-9B6F-D7B0D72AAA7E.jpeg,COVID-19
83,covid-19-caso-70-1-PA.jpg,COVID-19
84,4e43e48d52c9e2d4c6c1fb9bc1544f_jumbo.jpeg,COVID-19
85,covid-19-pneumonia-53.jpg,COVID-19
86,fff49165-b22d-4bb4-b9d1-d5d62c52436c.annot.original.png,COVID-19
87,radiol.2020200274.fig3d.png,COVID-19
88,covid-19-pneumonia-8.jpg,COVID-19
89,covid-19-pneumonia-20-pa-on-admission.jpg,COVID-19
90,covid-19-pneumonia-20.jpg,COVID-19
91,covid-19-pneumonia-22-day1-pa.png,COVID-19
92,covid-19-pneumonia-22-day2-pa.png,COVID-19
93,covid-19-pneumonia-34.png,COVID-19
94,covid-19-pneumonia-38-pa.jpg,COVID-19
95,covid-19-pneumonia-35-1.jpg,COVID-19
96,covid-19-pneumonia-35-2.jpg,COVID-19
97,covid-19-pneumonia-44-day-0.jpeg,COVID-19
98,covid-19-pneumonia-58-day-3.jpg,COVID-19
99,covid-19-pneumonia-58-day-7.jpg,COVID-19
100,covid-19-pneumonia-58-day-9.jpg,COVID-19
101,covid-19-pneumonia-58-day-10.jpg,COVID-19
102,covid-19-pneumonia-mild.JPG,COVID-19
103,covid-19-pneumonia-67.jpeg,COVID-19
104,covid-19-pneumonia-bilateral.jpg,COVID-19
105,7f86fd30-6720-452f-9b42-a82db3cb1d57.png,normal
106,1a388cdd-671b-48a9-9a4c-ca64cc60ef81.png,normal
107,583240d2-445b-4bb3-bb9e-4259263fa763.png,normal
108,dd43fb26-3526-4202-9612-25386e9495bb.png,normal
109,7dd3c24a-f0bf-4a6b-89c0-ccae17748457.png,normal
110,97861aed-bd6f-44dd-a983-556467cfa9c1.png,normal
111,902599d7-98bc-4832-94f0-25dba50bfbe8.png,normal
112,100d2b25-aba5-4502-bd2a-edeaa66fde00.png,normal
113,b123993a-8a7c-405b-9c5e-6e2b8f373a11.png,normal
114,2dc46628-e8b4-4499-adc1-78907fa247cc.png,normal
115,335d1349-f547-4c69-a2fe-ab0da3230f44.png,normal
116,64236164-d6c9-415a-9e4e-05bbe20591e6.png,normal
117,c838c9d7-71c5-4f4f-a4c8-cf90c23685f5.png,normal
118,6a7acdbb-4911-46be-a0ef-b550a26961db.png,normal
119,f1c09395-da36-4feb-9884-b9121e115e75.png,normal
120,562262f4-c462-437f-9a5a-29034cc5961d.png,normal
121,1e79584e-007e-43a7-bef3-94c4889dbfdf.png,normal
122,d8081452-c999-4428-8aac-9f5fad28ed81.png,normal
123,3355e305-dd26-43f8-95a0-d7b793854fef.png,normal
124,44e4beae-e4d8-432a-9d99-e21efc4664db.png,normal
125,ed9eb455-9856-42af-b719-a755f92da405.png,normal
126,69f347b2-780b-4f70-af6c-d8f664dff9a2.png,normal
127,64d18b36-074a-409f-8a7e-7bb0103d6725.png,normal
128,554f7966-f588-4a7a-aae1-ed4c107713a5.png,normal
129,67604c51-1e73-41b3-b268-d136308d7f60.png,normal
130,be90708f-2e42-427c-b532-5501a4ab1a25.png,normal
131,75b939dc-925a-4718-883c-08fb45019a3b.png,normal
132,09fab84b-19f3-42e1-9c90-69a49b7b37d6.png,normal
133,53307192-eab1-43cb-afd3-5fc380763796.png,normal
134,f35df256-c4bf-4767-b9ab-bdf429af9903.png,normal
135,3f8122e4-246b-4a06-bca6-60368ebc660f.png,normal
136,6067a125-b3e5-4723-bc09-0d502ade3894.png,normal
137,ccde68bb-dea7-4342-84e8-d405d75b027e.png,normal
138,fb2dc9da-0ddd-4d3e-b94c-64a64c0eaf00.png,normal
139,e57ed470-c16c-49aa-9c5b-9aaff3bda730.png,normal
140,aa09ebe6-e321-4e01-8658-2c668c1a1654.png,normal
141,2131a5d5-d3ca-4ce1-97a7-4ae34ef0d19f.png,normal
142,7736baed-6e66-4b47-9058-05bd1b314dfa.png,normal
143,5b45ba37-72c5-4b45-aea5-458978cd9b39.png,normal
144,17b391e7-f5dd-4fff-99ae-d4d9959d2408.png,normal
145,94a021aa-e34c-439f-b30d-0c5a1a0c8539.png,normal
146,2e974d90-0e16-4c34-9dee-137daa6b54e3.png,normal
147,66f64de8-cacd-47b9-a47f-37b5a612bdd5.png,normal
148,f785a2f6-f2f7-4a89-9bde-e77d31e35a6a.png,normal
149,622d6303-018b-4dcf-88b7-ac0b9e529a9f.png,normal
150,739597a4-836a-4591-8ef2-f912a5822a44.png,normal
151,acf6cb2d-61f2-4172-9f0b-e010c583cb9f.png,normal
152,e0a86d60-2d8c-4e72-acd8-ccf7924bdefa.png,normal
153,01027bc3-dc40-4165-a6c3-d6be2cb7ca34.png,normal
154,7b3dd88b-8762-47fc-be53-9a835e59db8b.png,normal
155,dec77ec9-90e2-4bf3-b253-3da65c2a79fc.png,normal
156,ba13e6de-a5d4-454d-8b5d-de3d30008294.png,normal
157,e64850f0-0e2e-4dff-880a-b86992a6fca1.png,normal
158,fd434b64-6bb8-4829-a529-a66464af090c.png,normal
159,fdbb8350-5309-4124-9206-a7db3e795a1f.png,normal
160,86ad951a-d0b6-4af7-b303-dd94c1dce684.png,normal
161,8935fd81-a0de-4489-884e-5489faaddacb.png,normal
162,ccd4fd70-2e93-48b9-ab78-09fac3251cbb.png,normal
163,98bd1aa1-4e34-4457-9592-2a005175e55c.png,normal
164,f59ae39e-a3c9-46ba-a402-2e17e91bfd5e.png,normal
165,dac359aa-7dc6-4058-ae14-57e6a0236773.png,normal
166,f58a1365-013f-49b1-b5c4-24523ba9bc0f.png,normal
167,8891b471-5c48-435a-bb12-ed6198211f55.png,normal
168,d716d04d-f4c4-4723-83cd-1e81d6abd2a7.png,normal
169,25be7594-8de6-47ce-80cc-2df7e94d17f9.png,normal
170,9c1c9e66-f372-4f8b-bccc-76102de86ffc.png,normal
171,3681ccb2-b646-46ec-a277-e0fc8499a2c2.png,normal
172,b7e57533-8fb9-4ed6-ba79-4465fc8f2a49.png,normal
173,d58c4bab-ae58-4c65-81e3-0c80bcef34c6.png,normal
174,409068f6-5a47-4048-82ae-4a8a2a0ee711.png,normal
175,acb0704d-dddd-4cf8-b678-ebe820443832.png,normal
176,dd820c11-8c9f-443d-a6b2-543c924a389d.png,normal
177,ad7d8292-0c51-49fc-92ba-4d6b8d92df7e.png,normal
178,8832feb7-c221-4d3e-9086-fd6d787cceb5.png,normal
179,c04866bb-85d2-4186-8c48-3ce46dcfa80c.png,normal
180,b3312d57-2626-4c6b-a569-5c29e12cced5.png,normal
181,43f620a0-745b-47d4-af1d-02661f920f82.png,normal
182,0266f96e-df45-4d2c-b445-bc96485b8f12.png,normal
183,d96f68ff-15c8-4e7b-b943-729053f1ce16.png,normal
184,2f98447b-c43a-4dc2-873d-c326a34c1ba2.png,normal
185,e14d98d0-6805-45cb-b4c2-2edeba5965b8.png,normal
186,768de2ea-9099-43bd-81d6-ad2b9e375e77.png,normal
187,4b57dece-117e-4f02-abf7-ee0c61bd7272.png,normal
188,4439655c-05be-4fe1-aa57-941dfd0cc3b4.png,normal
189,57bd0264-c56d-4266-b74a-b731212b6037.png,normal
190,cad0b2fe-499b-4c39-aa98-6fa9c558643c.png,normal
191,01aad2a6-3b93-45e3-bf37-2d73348cb6fc.png,normal
192,a2055494-aaae-42ff-87e4-e0059ba3b739.png,normal
193,0cb14822-96b4-4d77-b3ab-436e40ea135c.png,normal
194,70cb2306-fffb-4c0d-8385-3da27552f6f7.png,normal
195,86bd39a4-568d-443c-9ad4-4c9807d7f136.png,normal
196,7a1faa41-252e-44d2-b019-63ebc8dd4ee2.png,normal
197,e115f3df-0b0e-4c22-8543-559f1945cffc.png,normal
198,7a6b03a2-68f3-4c26-9e8d-c2208505b352.png,normal
199,6adaad70-4f68-478b-b489-6824830a7688.png,normal
200,5a09e3da-1f9d-4cda-84e9-d8bd5818daf9.png,normal
201,e91e0b96-1d5b-4652-a940-478f029dd968.png,normal
202,7dd489c1-6d18-4b83-a7e2-5edd0b1ff69f.png,normal
203,b3fea5aa-119e-45ab-93ca-b42022961cb7.png,normal
204,a5216c86-9455-4be0-999b-88701b96be65.png,normal
205,7c417c53-35e8-47ec-9bd1-8eb4ac0699b0.png,normal
206,c8ad32ab-daa1-4ab6-843f-d9bd4fe81400.png,normal
207,5a6172a3-2b11-4e63-a8d5-f06829735f32.png,normal
208,72ae200d-3259-430f-80e7-7126da98a255.png,normal
209,798f3843-7acf-4f6e-84a5-dee0652be5f7.png,normal
210,0c235f29-e4c5-4cb1-ad36-80ace7249062.png,normal
211,a185034d-2ce1-4d23-b1db-5ad910c03f10.png,normal
212,b0b392fd-3cb8-4888-bf0f-3b7ee0a935e2.png,normal
213,aace11f8-d283-4da8-9375-40a6f3d6df69.png,normal
214,c56f901f-4876-4a9b-8630-58d8ea4b7f21.png,normal
215,90fd2173-ae4d-4342-9872-d79b856b7a37.png,normal
216,86b32de2-c74f-4446-9541-9a27e1021984.png,normal
217,7495b380-25a3-4dfb-9da3-630f6288728f.png,normal
218,8c1a60f3-c293-4784-9793-44a21a1c6f63.png,normal
219,5f5ae465-560f-47f7-82dc-0064db0c12f8.png,normal
220,78214c64-ebb6-4a9c-b4ca-ea65da449fd2.png,normal
221,e8659b01-8820-4db5-8c93-fc377f231ae3.png,normal
222,eac82528-e9ed-4e00-95ba-9d8f0af55596.png,normal
223,fa851982-db94-47f4-8469-e31eb0817d89.png,normal
224,c6fa9952-db9a-42be-9007-4bab222e6a6b.png,normal
225,44ee4739-b5ff-402c-a4d1-b6bd7362024b.png,normal
226,31005109-092a-4611-9c42-23c7123a40c9.png,normal
227,e6470eff-64ed-4d89-ba6c-ed03eeb711ca.png,normal
228,d0ea3f4f-9bc8-417a-80ba-2ed5603b7662.png,normal
229,41162fc4-9466-43c3-8475-d04a09db2ecc.png,normal
230,e45705e8-3f37-4498-9efe-108a597947d6.png,normal
231,7a3c6629-9290-4e24-84b2-fd2f8cba17e3.png,normal
232,b6eb4991-000f-43e9-bf39-2ffd63fbedb1.png,normal
233,85f6d0dd-980c-45df-a971-b3a8ac3213bd.png,normal
234,6bdde7fd-1ec2-4ae0-9f50-43d2f072bd72.png,normal
235,5388cc79-bfa8-4035-b676-f5407859f261.png,normal
236,96cdbb89-1bda-4ec1-91d5-fe27d8ddd727.png,normal
237,9c6cda5f-1ee0-4048-ad4f-815739b9d5ab.png,normal
238,48f6aadb-b69f-45c4-b9e1-186105e770f9.png,normal
239,482337a5-eda2-468d-ba86-332065f97bbc.png,normal
240,a2a905db-ec17-4fca-877f-e290f8b3c094.png,normal
241,0022995a-45eb-4cfa-9a59-cd15f5196c64.png,normal
242,6c814e6f-9407-43e6-985a-3ad5646bc477.png,normal
243,ffb0a415-cd40-4c33-b806-cf533505f89e.png,normal
244,9490ed3c-5f02-49eb-976b-1aee6049fa60.png,normal
245,7ccacf95-ccc2-446b-8f5c-08b32411bed6.png,normal
246,fbedf818-1c7b-4348-b46d-7ecf27cb086f.png,normal
247,417250c8-7d43-4b73-bc68-e792d57b7216.png,normal
248,21aea18e-5904-4663-9d36-54a43b90e4d8.png,normal
249,27aa5880-422d-4084-b907-409754c89713.png,normal
250,53c275e1-e692-4445-bb4f-b740d117712f.png,normal
251,91a6919c-60a1-48b6-b9f4-65f780b3a50f.png,normal
252,491d323c-fa2a-4c1a-a2f0-fc55b140cd8a.png,normal
253,99f092a7-919f-4f2a-a35d-7dfd38463205.png,normal
254,6a995872-bb24-4b80-b256-770f6de7a05b.png,normal
255,da7733ee-9b8b-4d96-9638-9ee9b420be22.png,normal
256,9124decc-be21-42bc-b524-1e75fa20e9ce.png,normal
257,50493c25-94a9-4f20-a8dd-682981b71919.png,normal
258,b071fe9e-d11b-4672-8c4a-bbef34635b7c.png,normal
259,ebff87ba-651f-4e06-999a-db31cf5181b8.png,normal
260,8e86a7e8-18dd-4fd4-ab3f-2ebed9a97150.png,normal
261,c2e4d89e-1580-473c-9ec5-cd7ba29de6ca.png,normal
262,e19fe53b-1301-48a6-a586-2a7de42d7abb.png,normal
263,e811705a-0486-406a-aa0b-3c5ea99e2b1b.png,normal
264,a9be2ad9-4a05-44bd-b5eb-a0938bc06363.png,normal
265,07752357-2f21-4e42-9015-27886b3d5857.png,normal
266,3a0832d6-76d6-4915-945c-2ea769faabb3.png,normal
267,56b0ffc8-80e7-4927-9bec-5e843cb48358.png,normal
268,729820a4-6f1a-4071-8793-1db3d782dd27.png,normal
269,b2b88ddb-9195-4d34-96fd-6f99b7f556bf.png,normal
270,3a6aa686-b3ea-4e24-86e4-3129c520131d.png,normal
271,2d9bfa9e-b4c9-4ab2-98d6-f821d61435e2.png,normal
272,d4874b9e-a350-4143-9dea-8f3282605f77.png,normal
273,5827367d-31c6-4527-9ccb-63676d7f230e.png,normal
274,5d21cecc-051e-4ac9-aaf3-12394e3ad6ae.png,normal
275,ac1e4d6d-c013-4a23-8b65-0094eaca37c5.png,normal
276,e17cc8d3-0dc3-4ff4-a17f-d8f2cee09729.png,normal
277,ea6c9011-6973-44be-9788-6b62609f63cb.png,normal
278,22a72d2d-1043-4e16-9480-f64adeddb3a3.png,normal
279,ac3298cd-90f6-49cc-a584-1c519749612b.png,normal
280,320e8587-ab3c-47d0-9a89-fcc2f5cb5c95.png,normal
281,8cb8f8fc-a2bd-4133-a483-daaa6ecf36c1.png,normal
282,387aeb82-d92c-4a34-89c1-ed70e288492c.png,normal
283,5c88666d-566e-4b2e-a0dd-6ff1b6fe8a63.png,normal
284,634dc2f2-faf9-44da-a5f2-011870025110.png,normal
285,7727e022-82ec-4b7d-b667-bc83c5fca668.png,normal
286,ac37af54-f4bb-4020-8ff3-be7b33e750eb.png,normal
287,951252aa-1ce5-4c4c-8ad3-37bb425bcf86.png,normal
288,de04a499-1e5c-4a5a-becd-4c6069a7e518.png,normal
289,0b8d4689-aff3-472b-bad1-d12d648dbc2c.png,normal
290,8c051e14-777c-4f54-a2b7-d71645cae564.png,normal
291,94508cdd-9336-4c52-a10e-a82a3085b9e4.png,normal
292,6cdfa366-85ba-4bb5-a621-87712ae47c32.png,normal
293,938af1d1-f862-4efc-ad64-976e42fe3e62.png,normal
294,d7290a05-7b8c-4896-98b2-86952826ccd9.png,normal
295,44d3c171-2596-49ea-bec6-71c7c5db144f.png,normal
296,dceeb019-ae9d-4426-8b42-38aedd4f385d.png,normal
297,72fbc26e-3b3e-4a16-b10b-b84bd09790ff.png,normal
298,738705eb-6964-4542-b9ec-009ef849822e.png,normal
299,5a0710a6-1396-40ff-91a0-d5b8e38b7836.png,normal
300,d53ebae4-9b96-4a05-b066-4635d52e3ac2.png,normal
301,27d43d8a-ffe0-41b6-a96a-3182901c1fe7.png,normal
302,f65222d9-14c9-429f-b4a4-97faa79ad44c.png,normal
303,357417d0-9e34-425e-919f-b4f7f9643bc4.png,normal
304,99dc15a1-114b-4988-94b6-43f861e119ab.png,normal
305,ff350a75-ff2e-44d8-a054-13fc5b6ac284.png,normal
306,8dc721e1-00c1-42fa-b075-0fe7d43bdd4b.png,normal
307,1a9af28f-f757-4d16-92dc-469f2da9fef7.png,normal
308,bdaae3df-8dd8-4216-8ad1-7593934b4856.png,normal
309,05fa458a-9e6a-4e02-b85c-c8d67c3161cf.png,normal
310,ddbc86c3-4b6c-45cd-bd7c-d8b67e7d769b.png,normal
311,474072bf-6365-4812-9a75-0ba64458f841.png,normal
312,b5b76ad2-a31e-4590-88bf-a71507e3df5e.png,normal
313,778617e7-9b4a-4815-9f17-6fc8deb4c3fa.png,normal
314,507f46e9-5760-4ae2-bebd-b0afd82fdf0a.png,normal
315,d091240f-da0b-47f1-b88a-a7fc8ffde8a9.png,normal
316,fe55d2e8-b8a5-4372-825e-ae4d81632e3d.png,normal
317,891a1dcd-ea73-48f4-9508-e3e52ba3c5fc.png,normal
318,572d6aad-14be-4637-a027-4c1924c17bf8.png,normal
319,afaeb13e-137c-415b-aa87-1f329432aa1c.png,normal
320,0f7c7af4-5ef8-43fe-a598-e9929fd76f5c.png,normal
321,6769d4a8-086d-42cf-b9e6-f499d5877a1e.png,normal
322,898a130e-8636-4cd0-bd10-12528871dfd5.png,normal
323,99cb86f4-ff46-4d92-86b5-e3b08e0016b4.png,normal
324,6c14a983-030d-4c0a-9f95-d5816eb39f10.png,normal
325,721ca9d9-ef3e-4fda-84c3-bd9f7a7645aa.png,normal
326,7e278b62-38c0-4c4b-90a4-12a75778f0eb.png,normal
327,277b4a9d-7987-4da4-b421-1d1450fc1266.png,normal
328,95ef1bd3-c207-4d70-88fd-c37c275086bb.png,normal
329,27fdc9c2-5544-4142-92ac-11a1264d4fb8.png,normal
330,1b52079c-b9ef-42d3-9e9a-17aea3bc6031.png,normal
331,d0a352fb-62eb-4ebc-9dae-ebcca2bda6c4.png,normal
332,61008b44-a7ce-4870-b8e1-4f6f5c7df4d8.png,normal
333,d8c78ded-e7c7-4906-b296-79396b642c1d.png,normal
334,141c3013-0cf7-48a4-b15c-c2c5afac3072.png,normal
335,8cfcc69b-d659-4888-8551-790891d8568e.png,normal
336,6479c18f-0b92-4ad5-84a0-53ed3593a2aa.png,normal
337,c3ce9cfc-2c8c-4a24-a966-1f79ad820fe0.png,normal
338,63fac8bb-6d04-4e04-b57c-2311eb376acb.png,normal
339,dcb8325a-8e9a-4dc7-a380-3556067d6a4e.png,normal
340,8dbaa184-772b-4b74-8983-9cfbd2e92860.png,normal
341,821692fd-9659-4179-b408-e4dda2e10dae.png,normal
342,93149c11-97ed-4f89-94ec-f8c41041dde8.png,normal
343,e4f88354-be72-47c5-bc1a-29024b2051f9.png,normal
344,5bfa4ba1-9ea6-42c5-b44f-1a58dfe648bf.png,normal
345,d9a58f69-27e6-497b-9fa0-c8ce2c692290.png,normal
346,a3a3b1ab-17d0-44e2-9e7a-48f78e3bcb1c.png,normal
347,ee227329-3b37-45c7-85fb-67136ec17511.png,normal
348,bdfc8797-6cbc-4184-a847-8f468727f67a.png,normal
349,c6ffc89e-d5ca-4107-8d97-c4ea219465dd.png,normal
350,ecb8a185-f83a-45bf-b799-e280a0dc8e6c.png,normal
351,9142b94c-7fdd-4fe5-9ba0-5c21c40a9962.png,normal
352,97f73d62-da83-4f04-a80a-ba7f28c3e87e.png,normal
353,d6ccb839-1988-4113-8233-c7698065a8a1.png,normal
354,ef2fc783-b9d7-4bbc-b0b3-f811daad5b56.png,normal
355,1d06aef5-4b70-4148-82c0-9a7c156a274e.png,normal
356,484ebbaf-cdbe-4b08-ae85-c81ec72ff884.png,normal
357,49c63467-daca-4a6f-878e-169e4914694c.png,normal
358,e3b4b22c-0872-4dfe-a23d-ff063367d972.png,normal
359,9d15461d-adca-4d4b-89a8-41f1b73308a7.png,normal
360,57045887-8274-4b24-805d-ebed01bba871.png,normal
361,e2cc534b-fd8d-4147-805e-fff300cfed61.png,normal
362,661d6964-432d-4663-a070-70b24702dbb1.png,normal
363,b72d2f85-76a5-4acf-b5aa-12ec1c3b0bff.png,normal
364,bdf9677f-6a0d-46ab-81f8-e6b64b8e839a.png,normal
365,9de81172-a002-46fc-b17c-8701f04c2647.png,normal
366,295de041-5711-400a-8241-7d7cf500971e.png,normal
367,9d726da1-e0cc-4262-9b8e-10b0faf32f3b.png,normal
368,5f429cb7-1eb8-4819-8269-02256d91227d.png,normal
369,e4f486ca-5331-400a-854b-c0bd2648c124.png,normal
370,168ae18f-d50a-4df3-9f21-5eedb100fcc0.png,normal
371,43474085-8dcd-4d13-9aa7-949f08e5e73f.png,normal
372,9b4a571b-9598-4d07-b035-82e6d1aa40d8.png,normal
373,e5664ad1-46f6-461e-8fe1-08c513a00750.png,normal
374,c4567429-7189-4603-ae34-7cbf3a8b6c07.png,normal
375,ac05a354-1449-4cf4-9045-962ee84a847b.png,normal
376,8f3a0298-d18f-412b-bf37-89387c64ab41.png,normal
377,fab52177-1e88-4f19-adbf-8af72570ee48.png,normal
378,dc1176ec-163a-47e7-849b-f3eabbeab63b.png,normal
379,88b4addb-e92d-45a3-91f6-ed710e0d7443.png,normal
380,abca299e-57c0-4eff-b785-39d690cd2c7e.png,normal
381,e5ad77d1-5306-4449-b676-e8210a26c71e.png,normal
382,fbf2ba14-0481-4fbb-82b1-f832b3949c82.png,normal
383,07798a86-803e-4a25-b1ca-3394ae293be5.png,normal
384,6121d7b6-8d47-45d4-9706-bd42ae676534.png,normal
385,65cce42a-a48d-4f0b-a7f1-15315afef5d2.png,normal
386,9d5cbfe6-4af0-4c43-8c62-c0482b7600a2.png,normal
387,7613a737-5b0c-4753-a1c8-7de8156456e4.png,normal
388,adea503e-89ce-4e46-97f2-e692bf9729ca.png,normal
389,87d40499-6bfa-4547-9172-6225b0f77cc9.png,normal
390,8867c7ec-01bf-48de-8f8a-378b02b3ffe8.png,normal
391,a9ad7397-befc-42aa-99c6-62bb5a77b352.png,normal
392,8a7aa489-8719-4f2c-bec0-0bf74467fb83.png,normal
393,27f328a2-ec1b-4d6e-8a0b-fe1d655b4a91.png,normal
394,529bd50d-2ee9-41b2-a4d8-35c403bef10b.png,normal
395,6b2068dd-218e-4516-a045-2f6b9a1c4752.png,normal
396,9575f8d4-6d15-448e-a615-da0d60c2a961.png,normal
397,223d7974-cb7f-47bb-9502-d91b363153dc.png,normal
398,91ed648b-829e-468c-8054-c6dbe95a72fe.png,normal
399,a229da82-a0d0-4894-8df0-55f3d5c6635b.png,normal
400,371634ac-fc6c-42d3-9860-e284539921d2.png,normal
401,c90cbfe6-d98f-407b-b3c2-45b27fd1ae72.png,normal
402,c43a02c5-a5d0-4c33-9ca8-b09c639c6f0f.png,normal
403,7897d5d2-f56c-4fc0-a036-f9b6f69933f8.png,normal
404,5ec0fcd3-8cdb-4982-b524-5974ef50b099.png,normal
405,41247a32-c745-4341-bcb3-d55393403451.png,normal
406,95fe7234-02a4-4757-92bb-c6faf3f25f5f.png,normal
407,fd24442d-ffcb-4e70-8516-8e699c40b9fb.png,normal
408,9658279f-1689-4700-ba68-202387e569b7.png,normal
409,a4e1dd2e-791e-4ca5-a8d2-69a72c959d2e.png,normal
410,95085525-e2dd-4894-a5f7-ef98c90f7774.png,normal
411,31bfce74-d914-4acd-9aeb-1155a3c52ecc.png,normal
412,fc4131c0-41f9-4f66-b044-0e805f939a24.png,normal
413,901950a9-cadd-4b2a-b24e-093f5e1070eb.png,normal
414,7d35dce4-759e-4b6a-9e59-833664bd77e1.png,normal
415,e1f8f3cf-3828-43b4-b2aa-78edc9fb8056.png,normal
416,0949dfc4-7613-432c-8d16-4cf0aa5b15bb.png,normal
417,cd3a7540-23ec-4b1b-bafd-09bd0688c191.png,normal
418,c4f7c287-fbe1-4bdb-8e93-040c3d897f98.png,normal
419,aa1c7baf-f4a6-4644-946f-ccbc000df81a.png,normal
420,24e11e90-9a36-4ee9-8e27-6b58ba9ecab1.png,normal
421,c1fd8229-6d44-4bde-8137-690092433542.png,normal
422,bcd8008f-1545-42ef-8f75-b40ecf1aa90a.png,normal
423,84a8a5ea-cb99-4376-8d50-d90cff5904ef.png,normal
424,57e70848-0cce-456d-90b1-e3f0a206d8c1.png,normal
425,100ffc09-4644-4936-95eb-54c41bdeb816.png,normal
426,ab2f11f0-f776-48b8-9d23-95ecfc7c583a.png,normal
427,20e1f3f2-953a-4a8e-b7d3-8db21a4ce933.png,normal
428,e3e8b710-8dac-4cdf-8bdd-74611badc5a8.png,normal
429,a7ad23a1-d70b-410f-8f89-c2add3e3ad41.png,normal
430,95898f3f-3621-40e6-b764-2b2edbc0d09d.png,normal
431,c74d5dc7-fa15-4bd7-bc0e-f3c590c92c10.png,normal
432,4b683e1c-daf2-4d2d-a3b2-48fbfba80601.png,normal
433,a134c2bb-86bc-4438-bf4f-4a9cdbaafbda.png,normal
434,5a2f8c86-f21d-4815-98a3-1bb5fa6d9f44.png,normal
435,eec8e710-926d-4a7e-9500-51ab5722a3a4.png,normal
436,dbbc4ab3-e75a-4efe-85e4-7dd6b391c1a0.png,normal
437,4b87774f-25ec-4b92-a39c-fcd0809ed01e.png,normal
438,bc52caa9-dd7a-4afb-bd3b-e66666ee0f12.png,normal
439,ec416f17-0ce2-4846-851e-cc5c2a6a49bb.png,normal
440,e40663c4-3234-43fa-9955-e3abdd430255.png,normal
441,5aacd561-03e0-41da-bdb0-5834b661a126.png,normal
442,5b80895c-63a9-4cdc-a869-5ca00043e862.png,normal
443,93d82d12-f314-4014-ae0d-05dca0e77674.png,normal
444,500f4aab-ad9e-4b4b-aa8d-1be7d18ae638.png,normal
445,346b381b-02fb-40da-82fa-cb2760a71a5b.png,normal
446,43cb7923-308e-494a-bd52-669d816d46df.png,normal
447,6f869ebd-15ca-4d46-89b1-0c0a3d367124.png,normal
448,7ac64e7f-f379-4eb3-a0d5-89b59db846f4.png,normal
449,613c77d2-a131-4460-a1c2-0e7f3c2c948a.png,normal
450,a5fc5c4e-57b6-49d9-86ee-7ebdf0710562.png,normal
451,3fb2f726-42d1-4b7b-87b2-0faadd1872c8.png,normal
452,6422ef7d-786c-4340-b789-02fe7f9675df.png,normal
453,6281dfab-a319-4c68-adc9-6bca8c2ab25a.png,normal
454,1586d88a-b10a-44ba-9584-f838ef1de02c.png,normal
455,72a5d9ae-5195-446b-8ca4-42958f92a491.png,normal
456,a616860b-3b17-487c-bd41-603e7e928e9c.png,normal
457,d4785e7d-1851-4347-8f23-5b0b9e1297d2.png,normal
458,f5ca8de7-148f-4136-ba0c-14014c6715ed.png,normal
459,4bb13cd1-5810-4e0d-955b-91035d81bf6e.png,normal
460,d0fa7872-9743-4a81-b75e-4d8973e064b7.png,normal
461,c90a1623-b7a2-443b-a20c-a3915df8dac2.png,normal
462,6bf26f0a-245a-43f3-b9df-c6cb07c4dce8.png,normal
463,7d3fe400-3bd6-4a48-a2eb-2ffcfb36e01e.png,normal
464,7df1e939-28a8-428e-8b8a-d3808d868165.png,normal
465,9df0ffa3-c37d-4058-98ae-a7fd8c5cb8ed.png,normal
466,a1ea1b8d-697a-4d05-8455-d870bb4d4949.png,normal
467,8e23bf2a-03c6-448f-9bca-57b505ff27fe.png,normal
468,bc83e722-804e-498f-9efb-7bc329a1327f.png,normal
469,40022fb9-150f-4758-b608-ede8b79e1bd9.png,normal
470,6221fb68-01c4-4351-929d-6bc91175e78b.png,normal
471,7778b60b-88d8-4abd-bd64-98aee6add0ef.png,normal
472,93ac49da-e6a4-47ce-8855-3d71a3bc7748.png,normal
473,525353ce-858a-47b5-aadb-3e25229f2d95.png,normal
474,a488d198-37a8-420d-98f0-dae505d0f21f.png,normal
475,b1827a4d-c98c-4719-8296-1659617870a7.png,normal
476,91469c45-c082-45c8-9cd1-946e6adeaac8.png,normal
477,d6f13820-9629-4032-9aa3-c4ef8f8fa996.png,normal
478,cc4ee7fa-24e0-4b29-873f-bde1671290f4.png,normal
479,71467d8c-7769-482a-b674-2edd74f4b4c1.png,normal
480,42405caa-8e52-40c2-a6f8-abb41c5520c9.png,normal
481,affe3bdd-245a-44de-9b6d-6cb745f07401.png,normal
482,f1bc26f1-19a5-4513-8a79-4083b27c0325.png,normal
483,fd7cdea2-9ad7-4443-b14d-2b2da999f474.png,normal
484,e646d2f7-cf8b-4dc1-9f4e-0bbee4e7bf28.png,normal
485,33d3fd41-5339-4af9-add3-848f793a7683.png,normal
486,8698df10-24b5-4b01-ab93-373ba59e26ba.png,normal
487,d393adf2-8a12-4ded-a842-6e4f4289fcc1.png,normal
488,b3ba8251-ad9e-45a7-b5c3-b976b290508d.png,normal
489,91de1105-565e-4f72-8c39-7bb5a1246398.png,normal
490,57afaaa8-0f60-4eb9-82ba-493353c54aa9.png,normal
491,96544dea-698b-4298-a8a2-b25825b38e5f.png,normal
492,1b3f7972-4e7b-4065-8af5-2edcd32a0f76.png,normal
493,776427e7-40a2-44df-83b0-ce646644d3aa.png,normal
494,d8e8cf3f-c1e6-4291-add7-9df2fa5b3d11.png,normal
495,89152997-b72a-476e-9b9e-c1af6ef91505.png,normal
496,52edd24a-15db-449d-b0c5-8051eab5fd1e.png,normal
497,3a9ec087-6741-4338-b944-524a15b14733.png,normal
498,a738e682-0abd-474f-8893-f473aacc7426.png,normal
499,3feebf55-c5dd-43e8-a999-79f22a3e815f.png,normal
500,45be6d94-a6e9-4c26-9738-d389764166de.png,normal
501,e6f345b0-b16f-485e-8b1a-bb9cd329bfac.png,normal
502,6fdfe34b-f264-4bec-8669-b19786a1a6e8.png,normal
503,347b3a7c-e866-4835-967a-78f7e3577e42.png,normal
504,7f12966e-c382-4f9e-90ac-e1575dcdc812.png,normal
505,a46883c1-47d2-4315-9455-2bf6f9195862.png,normal
506,a76abd97-9655-46cb-ae77-271ba3da2466.png,normal
507,e32a1a4c-1b84-49d7-b32a-6f3f632e1937.png,normal
508,99fec192-683f-4e12-912f-3962c94a6599.png,normal
509,babf1713-e201-4200-9605-1c483905a9e7.png,normal
510,4e90a086-288b-4926-a33d-5c3c876c3e06.png,normal
511,f4ad4e88-ab12-4415-b52b-f372e83b15ef.png,normal
512,fc420432-324a-4126-b0c6-1646d437ec7a.png,normal
513,51b5d7a6-1c08-4c2d-a5af-21ffb21b78c4.png,normal
514,9213dc17-1267-42a4-a71d-546a4d994a4a.png,normal
515,46a46b58-a96b-438b-9742-ade04045c9fb.png,normal
516,eca73343-ef7f-4c09-9c6c-7b83cf8f9b63.png,normal
517,604a6a95-e65c-43c4-b12d-7045ad92e54b.png,normal
518,e517aecc-6306-4100-a03c-b1c1a516b9c6.png,normal
519,47b3d0b7-4d58-4b7a-b5e7-eb9a37ef7d0f.png,normal
520,43d80aad-ae7f-4f59-97b5-7bcfe1203fdb.png,normal
521,3cc73009-379c-4b44-984b-d0d117f4dd09.png,normal
522,cd2f7adb-3ba8-4969-b9b5-44eb40930e8a.png,normal
523,f9bf4d68-b885-4fea-9702-77924abf06eb.png,normal
524,23817810-a792-4c97-a15c-24d3c9da1f3b.png,normal
525,60ef9ee9-8d6a-410b-8640-4a68710f41ef.png,normal
526,c48497e9-8a9a-4af3-92bc-cb4bbfa5f19a.png,normal
527,a62c5825-e9e5-4e8b-8cc5-8a09aeb1f85a.png,normal
528,0a29f841-b738-499a-bc8e-0589de77ef82.png,normal
529,cbb74e7f-194b-412d-a527-117ddc2ff022.png,normal
530,e912a77a-18b3-4d94-8c70-9f15fc32b47b.png,normal
531,4e1224b9-e08a-4481-9a33-e73274103dbe.png,normal
532,69c17251-a10f-45a6-9603-3ab0cee52d2a.png,normal
533,365ae7a6-dccd-4b94-b5af-c1c0eae5cd24.png,normal
534,5b90be72-a9c4-4a0e-99fd-c02c6575fc29.png,normal
535,be04e74c-c06c-4f24-bd58-c742d22d4b03.png,normal
536,835a272b-b22b-461a-83a1-c0148854b48a.png,normal
537,3d72c8da-a547-41f2-9f4b-0dbc9ca9e0ea.png,normal
538,499d40ec-e646-4e4b-a864-a95f47b10413.png,normal
539,5a127388-ca5d-45a3-b0b5-1f925270d98c.png,normal
540,a4dd6e05-6c14-486a-b565-6473eb06c6f3.png,normal
541,988ba152-ec89-4213-b2dd-7e167f6dceff.png,normal
542,4dcbea60-aaeb-4656-a64d-278d82a787e1.png,normal
543,86157f09-30df-44d5-92dc-b12153c24932.png,normal
544,a752fb69-ef4b-449f-b1fc-2d0946c79c9c.png,normal
545,6432e2ca-b521-45aa-b9ef-25761c518abf.png,normal
546,8dd5b363-e439-46da-8f5b-a08d4bdb8404.png,normal
547,f473e66c-9d8e-4a04-bc05-f3359d5b014d.png,normal
548,666c91a0-ebe2-4487-891b-8105e902ede0.png,normal
549,5d35f8ef-1471-4ae3-ad30-d86316051454.png,normal
550,4d3c371d-d596-408f-9cb9-ffcce6fe50e2.png,normal
551,5a556acb-93d0-4f0c-82e7-dcedb1511c36.png,normal
552,8e148972-a43e-4717-b1d3-d3ecdce24f65.png,normal
553,a004ce1a-4907-4d76-b520-0f31e1eb00d3.png,normal
554,8eb094cd-bd84-4453-b6f0-ceead0fffdbf.png,normal
555,ab327761-77b9-45f1-8c22-6dcb35bcf672.png,normal
556,714b86b6-779c-474e-88f2-060715186706.png,normal
557,d567d023-434f-4714-815c-f45556873cfc.png,normal
558,9c9ab747-cfb4-4407-af1c-4085e95f38ef.png,normal
559,5c357e13-cc52-4ddf-b597-d141c18ccd48.png,normal
560,dc2ab31a-e89a-477f-a0ce-13a37033a551.png,normal
561,7908d3ae-c10c-4bc1-a256-42a6b16e90d0.png,normal
562,b8d2820d-6c9a-4c99-b169-754077f9fac8.png,normal
563,b6426ddc-ac86-47f6-a0e8-080561b3b919.png,normal
564,0838fe18-1e25-4d02-8287-7692d2a5bb57.png,normal
565,4b318dd6-201d-4cd0-8061-9481c18d7b6c.png,normal
566,53517578-a6f5-4822-94e0-e605746afe7d.png,normal
567,2e5dc881-3eef-4f78-96f8-2e240bbede2a.png,normal
568,49b680f2-3e37-450a-879f-ad38707de531.png,normal
569,97734238-24dc-4e8d-9cbd-2f3bbc5bebab.png,normal
570,0bdcfa14-a0e9-444d-bb9e-48c6aa10f393.png,normal
571,6e318106-e492-45f7-9393-dd642359f08f.png,normal
572,e53c403e-47f2-411f-8869-89d039847d19.png,normal
573,33a272fa-62f1-4a2f-993b-79a5431e3ba2.png,normal
574,c8697106-77a1-4a74-8843-81f8bfd4fca7.png,normal
575,9c1f1174-93c5-48ff-8199-61095885a20a.png,normal
576,c5dfc1a7-4669-42ce-af9f-62c3d8322049.png,normal
577,6aec6632-3c25-4a22-bcdb-94f589a77653.png,normal
578,82531180-8586-4d28-89a0-466725cd4514.png,normal
579,e9ae2d74-c795-4903-b423-ee28fd42598f.png,normal
580,d8959a46-82c0-40c4-8358-8fdb37f03c25.png,normal
581,fc355455-f89c-4203-97da-50f007c2b7d8.png,normal
582,ffb9f122-b2f4-4531-8297-416fc0e47cda.png,normal
583,cc2b8292-35f6-484b-99b2-4afe247b1675.png,normal
584,de2e0dd1-ddeb-4516-95cd-a0e854613b31.png,normal
585,d40e61cf-8754-4367-a4dd-0e99cd1af0d0.png,normal
586,bab71d24-89ad-4ae5-bbc1-4d0b6fefcc52.png,normal
587,830f3bd1-2fdd-4823-9672-d864680db6f1.png,normal
588,98b0ed8d-50d2-45d4-93d3-8b8f8e78a41a.png,normal
589,bf0d5b47-c5e0-41ad-8c1a-e9ac6dab9ff9.png,normal
590,fc8b3ea6-e7a3-4e17-8dd6-3bb0050e76f1.png,normal
591,96cc7100-3c4a-41ae-a2d3-e1faed4340b1.png,normal
592,08d0531a-b5c3-4677-94f1-a48101ed3e06.png,normal
593,4b76319b-47c3-466b-80f2-6dc1e046b0ba.png,normal
594,2ed29dd2-4d75-484b-871b-cbb29781164d.png,normal
595,defbc643-e904-457a-9819-fd9e97318242.png,normal
596,8f2b95dc-a9b4-470c-9934-78852e1260b9.png,normal
597,49bf391c-a623-4e5d-b6e6-818f85cd52d0.png,normal
598,76feb952-4a70-4918-8a8d-881eb14bdcbe.png,normal
599,36fc451d-e7c1-4931-8409-cd771610bf7d.png,normal
600,c53e009c-d663-45c3-b1be-a2c3806fc2e4.png,normal
601,a415726c-28b8-4227-829d-44794a37acfc.png,normal
602,2e827502-06a4-425a-9ee3-9a0accbf3a79.png,normal
603,2877c9be-1665-4131-ac0f-7b145696ebc5.png,normal
604,ca112a3c-b701-48b8-a94f-725ea65416a7.png,normal
605,77158193-070f-420c-aa5a-1610601ef4ce.png,normal
606,5bb6cb82-684b-4e51-ad4e-c70ee3a61efe.png,normal
607,f885ec45-b837-42bb-9958-c6f61a7982d1.png,normal
608,fb63ea5a-86c0-4deb-b832-da7772d2a758.png,normal
609,a51f27a0-9628-4294-b537-ae4350f9e1b7.png,normal
610,2db71952-47f3-455b-aed2-675ec9113cf3.png,normal
611,4b0e4413-56aa-48dd-a9ea-4712d211334c.png,normal
612,8764290a-9a6d-454e-8655-4f19e6054b31.png,normal
613,ad89c9de-3e31-4bc8-b8d3-757a76d64af3.png,normal
614,3b1e6d35-ec24-41f0-b5cd-ae2c7f814e5e.png,normal
615,a8d6dbf0-da08-4f0b-a783-fc278f70cd98.png,normal
616,7ad05803-8238-4bb8-bddd-365cc1381680.png,normal
617,3525e9a3-8b21-434a-8aec-f216cc36b677.png,normal
618,999c7ad4-22ab-440a-8298-9ddffaaecfc3.png,normal
619,9272f957-f709-4f8b-929a-643c4e461d48.png,normal
620,7a8b5f52-48f9-49a4-b55b-682938f94608.png,normal
621,67bda6e9-0606-4653-ba20-5f48fa5e5b19.png,normal
622,4b1252a3-8860-4d93-bc5d-c209f3d6e181.png,normal
623,669a8626-fdb4-4778-b51a-e58817d77545.png,normal
624,c4bc45e4-b893-464b-b0a5-df5ef62dfa06.png,normal
625,36e2d7a1-bfea-4126-a44c-0388463a7461.png,normal
626,41c5cb4a-4ebf-4774-b088-c14ea99f734d.png,normal
627,b1545c30-6521-42a9-9d74-66144ec64ae8.png,normal
628,7211cf02-869d-48f9-a79d-108fc6da2599.png,normal
629,80db8cd9-7b76-488a-9e60-bdf375a12dd6.png,normal
630,f9cc258d-3ac2-4f5a-a7af-5fca61e18faa.png,normal
631,0c861344-c755-4072-ab28-1d29be4949f5.png,normal
632,3a33fbbd-2088-4af1-b5c4-f914a3e01394.png,normal
633,20b8b7c9-258a-4a3f-9f1d-2548fd996b46.png,normal
634,a13aa35b-6108-4023-92d3-5b854252c9b5.png,normal
635,cc53205d-f71b-4e22-bfd5-1d722a263e44.png,normal
636,4086c256-2c08-4422-8b7d-479c438c0234.png,normal
637,15713eb9-2c08-452e-8a4d-467fad2ce8de.png,normal
638,d9c71093-3567-4889-ba68-5c75b41cf014.png,normal
639,e80a7eb1-664c-45de-91cd-8689e2590930.png,normal
640,9801cf88-829c-447b-a9f9-ca5a4a6ace6e.png,normal
641,df86ce3a-571e-424c-b9bf-1d308a807c6b.png,normal
642,8980920a-ce94-4dd7-b9fe-d721552b3c77.png,normal
643,df5fc041-24a9-44f3-8f22-d2bfca421bfc.png,normal
644,880f0e16-a8d8-4ff9-ba21-5cde5c2860f8.png,normal
645,17aba977-7b64-47b0-acb0-d41abba1fcbc.png,normal
646,c78c8c4a-27ce-4a32-b866-ae029f2b05f8.png,normal
647,9434553c-9ce6-4f46-a0ca-29cc154d488a.png,normal
648,728c8191-5ed6-40e1-80b5-a15fb3bc8eb2.png,normal
649,b9f10b9b-185b-4aca-a2e8-85640ee37dca.png,normal
650,6186e217-86ef-4140-8b7f-ae056a4eaf3b.png,normal
651,e5043877-4132-4c74-bd8a-32cdb73a005d.png,normal
652,69988cdb-ff26-4cac-8c7a-6a814d8b58dd.png,normal
653,440c1b34-25ea-4f02-a4c5-2b6424e6557e.png,normal
654,da214328-3a8e-4e8d-8801-7e14c0da0de3.png,normal
655,72a3eb20-c10f-46ae-bcad-b9f6e3710d8a.png,normal
656,65247f5b-027f-4cff-95aa-f424dfeef259.png,normal
657,29130e41-78ff-450c-91ff-df7f906c1878.png,normal
658,a2b64497-d2c0-4de4-ac19-75bb9506f96b.png,normal
659,168563e7-4335-4c3f-9593-235df8fcd765.png,normal
660,923f30b2-3b88-4412-847b-fdceaf915dd7.png,normal
661,376d0139-7817-4409-8901-6fb073386aa7.png,normal
662,db1ba12b-08f9-413c-9dae-07e9a6327f86.png,normal
663,a74c0ae3-321d-489f-89ab-afe2d8346330.png,normal
664,50d3ac2c-2a61-4f81-a4b2-80049dce0770.png,normal
665,abc7cc15-0123-4640-a14f-aba7c6451520.png,normal
666,03f43302-39f0-48a1-ae3d-0c6c611b9302.png,normal
667,40af1ae1-9caf-4e7a-9875-fb5e7eeb20cd.png,normal
668,dd6316d3-b8ff-458b-b81b-f603e7db44e8.png,normal
669,4f430e41-e2ae-4b77-8413-731092cefc4e.png,normal
670,a27a0fd2-7256-496a-a67d-4dc795c68cb7.png,normal
671,94d581b2-b83c-4ff7-9d7c-9d4c7871f2a9.png,normal
672,62d3d5b2-d4ce-49bb-83c6-d392ae60630e.png,normal
673,38c884d4-086b-4489-b6f5-689e379a2a9c.png,normal
674,005f5517-ab76-4b0d-8a26-f808d97171c4.png,normal
675,35ab8f3b-8ec0-4e59-9d5b-74d526914d66.png,normal
676,5717252c-482a-4279-9456-535d39f333d0.png,normal
677,17674c94-902a-4aeb-b7c3-e394f093bdd6.png,normal
678,b0316434-0e00-477c-ae4c-fc2a757a1e8b.png,normal
679,23253085-831d-41cc-b6e2-bd330d6ea44f.png,normal
680,ac58847c-9f1a-4248-85a1-58ac5d10781a.png,normal
681,59254a1a-d70a-4481-a46c-a0fb66dca995.png,normal
682,bd0fcc2a-89d0-4223-9987-2a02c9ed336e.png,normal
683,e9837763-07fd-428b-8cd1-2bcaf05f7162.png,normal
684,6a2cac4c-5519-4411-a401-56db23231008.png,normal
685,52021b42-19c1-4d5b-8344-4188f4fdfd6a.png,normal
686,8f8e6d37-39ce-483c-9611-2657275fd212.png,normal
687,69e0c05a-89e0-4b26-9628-7276cf4c18d8.png,normal
688,ebfea9ab-3d53-4994-bec1-f76a7eadda3c.png,normal
689,673af04c-9370-4356-a97d-32f6bb128230.png,normal
690,b7e7c35c-3253-42d6-807c-7ad291074368.png,normal
691,95eeb017-71da-46b2-8bee-aee7de098d63.png,normal
692,26ace3f3-c994-45a2-af73-d132ed374e77.png,normal
693,f03b0ac8-3465-447d-8788-3da6f30e7994.png,normal
694,7c2ad76c-88a5-4a25-a0e4-49437ea5f628.png,normal
695,8af4747a-c1a1-46f3-a47b-3896d99bf17e.png,normal
696,eb96af9f-72a4-47cd-bb60-84450b69eefd.png,normal
697,a8e750d1-fda6-4713-ae72-35893c0e9ffe.png,normal
698,797862ed-42ca-4265-ad43-b2d04361700e.png,normal
699,95b2b0de-de32-43bf-b419-e38be5e238cb.png,normal
700,a9e83d38-0e1b-43a7-83c0-684ce77412d5.png,normal
701,2abbf0a2-dab3-4c1a-a93e-764b15cc04dc.png,normal
702,c6da5d4d-b527-4207-81a4-1a3ca149411a.png,normal
703,2902bb15-a15a-4203-8a4b-6dca00a3d9fa.png,normal
704,b827ba3b-f514-48c8-a317-b84adc9e0b31.png,normal
705,fee72484-77b0-4d59-ad08-5d8f497dde99.png,normal
706,742ae136-a219-4586-ab1e-3f8064596e8c.png,normal
707,fbfc5c95-feb2-43b8-a37f-0846c5db5848.png,normal
708,d462f0a2-a21c-4f17-b277-a1e2e214c654.png,normal
709,9168c2e9-87c1-434a-bbf5-bd8ee1d0e124.png,normal
710,6c7f1aae-7eda-4a03-9b3c-9bfd17ac953c.png,normal
711,cd47c6cd-7040-4c0c-b797-3e8b99742a47.png,normal
712,ab559a68-0d0c-43db-beb3-bd3885b787a1.png,normal
713,3c63671b-09f0-46c7-b5cc-e752079404f8.png,normal
714,8b0c0155-5275-490c-9863-0ff9168dce7a.png,normal
715,ce823599-6f37-4944-8598-4612d72398dc.png,normal
716,d63607bc-42c0-404d-9967-08613efd1fdc.png,normal
717,2449f649-1a19-40b4-8d17-bd6f272377bb.png,normal
718,5f660838-c965-4463-b376-125bc785efa0.png,normal
719,69810cef-52dc-4ce8-8b49-f7e9a271f0bf.png,normal
720,916c0fd1-2ec0-42cb-a0f0-378dc882aae2.png,normal
721,7da6401a-c2b3-4c22-b1ea-5a07c8196efc.png,normal
722,3537a092-af77-448a-9cfb-f28903403012.png,normal
723,e65e2157-c879-4aad-9398-628b4f869eb1.png,normal
724,835ee399-c15a-4256-bfd4-2c3e596cd2a7.png,normal
725,58dc9082-98e8-49fb-b514-9d3549f1d1ed.png,normal
726,b4ea3ed4-ba8e-4b62-8150-72e39aef9055.png,normal
727,0a34d5d9-8c50-4b97-9c9c-e5d6ed862a3d.png,normal
728,415f5493-d330-4239-b25c-cda4ef422683.png,normal
729,b2c534fd-e663-4363-8c62-bcae8cd3dabe.png,normal
730,91c5dbfe-4eee-48f7-95b5-f7dc0c25eddf.png,normal
731,e174c31d-dde0-452d-8a39-5f13accfa4b2.png,normal
732,b9b9e757-28a7-47d1-98bd-0a81e4c0b1fc.png,normal
733,2ed28305-1b61-44f5-ba2c-a8f54635ddb2.png,normal
734,db71b2fa-5be8-47c3-a5ae-41f5211edc5d.png,normal
735,3c38d0bf-0a4b-42ea-bacd-287dcc621603.png,normal
736,a3b2ac7d-5677-41d8-b884-b2494a1361e0.png,normal
737,33889753-8a7d-4d7b-a8bd-2b1088cf3a0f.png,normal
738,98f56f5b-8e5a-4e2f-b448-ab541317d660.png,normal
739,5d7d6488-98b5-4e9e-8b6c-778f9025b5c6.png,normal
740,f144c677-5c2f-48a3-bcd9-158f87e71af0.png,normal
741,f7aaf2ce-cceb-49f8-b62d-fe2a31665718.png,normal
742,aeca7c41-8768-4f70-8bc7-5427c4718782.png,normal
743,6e9b0b41-9ad1-4ce0-97d9-263e50f57ade.png,normal
744,9662cf15-893b-475f-b0e7-2c6d98dfa057.png,normal
745,7b2a94d3-a4fa-4dae-849b-bf744489d889.png,normal
746,be8c2b0a-19eb-4e55-9efc-9171358333e3.png,normal
747,5b3b6dbd-73a2-42c7-b3cd-83d811c6502d.png,normal
748,79168e4a-a98b-4c27-affc-0fade7c2aed6.png,normal
749,1f9025ff-a538-41b0-8798-829612193eeb.png,normal
750,3c6ccc55-8e35-4218-8c9e-8e7a55783262.png,normal
751,dce45bd6-87ee-4092-bef9-d868d8e6a31c.png,normal
752,98587034-db53-4cc8-893e-1c2a79088ab1.png,normal
753,0889b108-8f03-4fef-9ef3-5ddabde15ce7.png,normal
754,ca885dac-ceb4-4768-927f-260f7dee121a.png,normal
755,c5016d7e-b8ba-4cd1-8e5e-c397bc380794.png,normal
756,7c0d535d-22fd-44ac-ac66-d52e3c186009.png,normal
757,a77b8b2a-4755-47d4-970b-8b4accc1cda1.png,normal
758,4b9312ba-a550-49b6-b460-4c32dc8f7ceb.png,normal
759,f974aee2-90c8-4e12-bc06-6aa4a594e872.png,normal
760,d346540b-05a3-43f3-9d55-858aaa915c22.png,normal
761,95672328-19b2-40f2-b912-f7ff707cde64.png,normal
762,63621a58-5fbd-4b5f-aba6-f296528ca835.png,normal
763,a4987c33-8b6f-48ec-8eae-61cd78754805.png,normal
764,c5b56560-0d82-4161-b5c1-5e5051a70c37.png,normal
765,c9c976bf-b105-4b7d-ba23-e2922186c95f.png,normal
766,27f50647-8355-4a2f-91ba-ba3f1ea540d0.png,normal
767,1491ad3a-c263-417d-af7b-159f05b72e63.png,normal
768,8e287c3f-3484-4a12-a58d-ac4a4c077bae.png,normal
769,909b5165-08ad-4bf1-b3af-2aba2aa5be0e.png,normal
770,5dd76a73-b748-45ad-ab44-248db530ae41.png,normal
771,7e25d288-c664-4e8c-bd78-5db979b40b94.png,normal
772,cfdfb1e0-9486-4cf5-94b0-5613ac403847.png,normal
773,dac1c859-cefa-4ebd-88b5-39b8d3f20346.png,normal
774,7c6a67fa-5eea-41b7-b3a6-23770ee6bccc.png,normal
775,807f9785-d0b1-46ed-9535-0b743cc89a33.png,normal
776,a3a09938-17ae-4cef-a8ba-288ac0f7a059.png,normal
777,163956ec-35f4-4df2-a3e4-0f9d8eab4066.png,normal
778,7aa4a98a-abff-4b58-b20a-a2c43e5e8379.png,normal
779,569e6728-9748-4db4-be57-9e5278c3cc71.png,normal
780,e1dc850a-d743-4518-9f76-ca3a839ed0e3.png,normal
781,b1661019-e835-47e9-b466-6f8faae84715.png,normal
782,d1d3122f-9567-4c5d-a7e8-d8c00f8e00ae.png,normal
783,6f50bef2-f849-42c1-8e00-d3003b9ced67.png,normal
784,15c50f7a-a638-4665-9101-cc2ffdc39a43.png,normal
785,44864d9d-4b5e-4821-adae-d6a8ba2c6c20.png,normal
786,6502337c-9c85-4ce3-8d49-3a1175d426bb.png,normal
787,e34e960e-c1e3-4c54-99e8-b59049c695d3.png,normal
788,6816df4d-583e-43ed-a1c0-9353a4059f7b.png,normal
789,bf12ed15-4eec-4580-b5e9-bcfba65e1a7d.png,normal
790,e9169397-56f6-4c4e-8014-b67cba6f799f.png,normal
791,07f1ae3f-2482-4c76-8801-bc4895b3f46e.png,normal
792,40820805-1e1f-439a-b287-11a50a4d2b19.png,normal
793,72f231ee-1380-4b0e-b887-cefe4b6179c3.png,normal
794,eec0fbe0-3bbb-437f-84f8-b2d32a9f78c7.png,normal
795,3478ea20-8761-4222-9c49-e738dffd4e77.png,normal
796,bb3c0af5-2fd4-4099-a68d-f0c0e492616c.png,normal
797,486bd787-a3bf-4f24-9886-d3660193dfee.png,normal
798,66ba8805-6b82-4cf7-9cd7-3e3916ca87df.png,normal
799,a04f5cd3-3697-4525-bb11-5069f9036101.png,normal
800,92afaac6-0b33-4fa9-9afc-2778f2d53054.png,normal
801,69399256-522e-4404-a4ff-67f49c711f8e.png,normal
802,d3a76ad6-faf0-4bd1-8b84-57dedbde959d.png,normal
803,040d29d8-e737-4236-9466-649256f9ca53.png,normal
804,3d66d844-5dd3-4af8-8970-7dfc8e946d98.png,normal
805,ae1faebd-b5e2-4f43-93bb-9f3011e237a8.png,pneumonia
806,c21ee14a-8962-4406-b685-7888806a0a01.png,pneumonia
807,6ca7f663-f2ea-467c-baeb-7662614b3484.png,pneumonia
808,464a8cdb-4e55-48de-b61f-72edb6992e0f.png,pneumonia
809,78221b16-5fd9-4a99-a966-56b693c2e5d7.png,pneumonia
810,f26f795e-e989-40ce-a076-5763295ce46b.png,pneumonia
811,c241425c-418c-4958-8a18-c3425fe03f03.png,pneumonia
812,433c5421-aff0-4b35-b520-1540c9efafe0.png,pneumonia
813,wong-0000.jpg,pneumonia
814,338a1c2f-60a7-4656-ba2c-8c99103da696.png,pneumonia
815,8cddc2e8-0283-4be1-8fc4-b683cef00bbe.png,pneumonia
816,fa8f46e9-4e03-49b8-92c5-3432a300cb7e.png,pneumonia
817,bbca9bd4-53b2-4076-a3b3-a1ee4079faec.png,pneumonia
818,bca6d69c-5695-4660-bcc2-2e5f4e479135.png,pneumonia
819,37290d29-2a81-4c9d-aef6-15eea1376e0c.png,pneumonia
820,b73735b9-8b15-4def-9131-891baa6f64a9.png,pneumonia
821,3dcc0fa9-312e-427f-9a03-132bcb72b3e0.png,pneumonia
822,3ccd18df-0b1a-4a0b-ad46-00b602382ba6.png,pneumonia
823,063fed6c-4ecd-4a74-8f0d-c7a906a3afa4.png,pneumonia
824,b085cc58-d5b4-4fb7-9879-565c0e8c1198.png,pneumonia
825,a52f8c02-a360-40a0-a2dc-1fd91b8f51e9.png,pneumonia
826,3a5b4890-bfe1-4953-add3-a1bb443d862b.png,pneumonia
827,a20667cb-b7b3-454c-8fa8-2acdd4bd0604.png,pneumonia
828,ae2e618e-ca4d-4fbc-aae5-d6f39e4b484f.png,pneumonia
829,ec4cf99b-0d23-4aa5-abac-3f8ae0257eb9.png,pneumonia
830,71813eab-6524-4c28-a978-b518a631585c.png,pneumonia
831,b724406f-51b8-4134-a9eb-2185696cbbfb.png,pneumonia
832,192f8bc4-1d12-4b3e-84a6-d94f77928faf.png,pneumonia
833,cd4f439d-61be-4ecb-bc27-383f9cd29569.png,pneumonia
834,06d6e209-0bd4-45d4-81b4-4b97546d57fa.png,pneumonia
835,45415872-fc2a-43ba-869d-5131c57622f1.png,pneumonia
836,63001e65-eab4-432f-a166-acd9e9262470.png,pneumonia
837,bce0b118-a130-47a3-bfa6-d5b68ac6b8e2.png,pneumonia
838,418c026a-52a8-4b5f-a11b-5dec2fae20f5.png,pneumonia
839,e80e5db4-c456-4223-8947-426efff27057.png,pneumonia
840,9d021f29-5ab1-4713-a377-3cd80baaa477.png,pneumonia
841,71a96026-101c-4da6-a576-60cd288b9733.png,pneumonia
842,76cc4621-8f68-4394-98b4-1677b6314cbf.png,pneumonia
843,0572881e-d1dd-4757-a54e-b240b30da946.png,pneumonia
844,d9fc48eb-9f51-4a78-b132-3532f4aa05f7.png,pneumonia
845,bd7b4e6e-5384-4cce-9732-0dd7f9d15da8.png,pneumonia
846,506792d8-848b-4ed5-ae27-000f116aa3b4.png,pneumonia
847,cf8c70d8-1d3d-4cc6-b5bf-63713862da0c.png,pneumonia
848,c2016b1b-e24d-4eaf-af0f-14cf6f0bd9ad.png,pneumonia
849,e5f214d1-2842-4a26-9a2e-fd05b15fb8b3.png,pneumonia
850,bed364d9-7bad-4de8-b618-9de875b73d67.png,pneumonia
851,c2dd9e3d-9cc4-46c8-9109-0c438b2f7f1a.png,pneumonia
852,a0688bb5-65a3-4b02-b0a5-cd0dc775608d.png,pneumonia
853,7202cb18-cb1d-45eb-9060-207d4cd52b9e.png,pneumonia
854,50d934dd-f974-48c2-b021-f40b9539051e.png,pneumonia
855,a108c5e8-49d7-4ec4-ac83-a5cb0442e536.png,pneumonia
856,2fa8e28a-dce6-4c68-8bb6-b2537476577d.png,pneumonia
857,8917b2df-a22a-4da0-935c-397926ad5a1a.png,pneumonia
858,a4d40476-66d3-4733-9db5-63b4fd7215a8.png,pneumonia
859,3d5e4188-b4c2-41b1-81fe-a48f6271fe47.png,pneumonia
860,575014d8-3cea-4d15-9c5b-5b7323131fca.png,pneumonia
861,33dea6c5-2f2c-4164-a489-8ae440b921f1.png,pneumonia
862,308eab64-517b-46f1-8865-d9566b087bff.png,pneumonia
863,df13cd6b-0b39-40ee-811c-9df848963965.png,pneumonia
864,0100515c-5204-4f31-98e0-f35e4b00004a.png,pneumonia
865,219334b4-6696-4b41-90bd-0c56878ccbe6.png,pneumonia
866,36994bd6-13dc-405e-9f98-680a0e5b2eea.png,pneumonia
867,339907f7-5f76-40b4-8476-9c3460417d16.png,pneumonia
868,48029094-265a-43e6-9e29-455237085578.png,pneumonia
869,8aaeb451-26b5-4192-9a82-1d7eded2e363.png,pneumonia
870,ad310f52-5ed7-46a5-a083-3ffd1bc4bb71.png,pneumonia
871,3502cf28-bcc2-4cf4-84bc-749ccc2dd222.png,pneumonia
872,36f775ee-d044-43a3-bbe5-000ed7b498b8.png,pneumonia
873,af051401-ddb1-4ef7-be58-4927387ddf51.png,pneumonia
874,3ead6e4c-1d18-4eed-98b9-a1ea9412751b.png,pneumonia
875,ae77fb82-6cd1-4a22-8224-8ad1c359fd5e.png,pneumonia
876,a684b3b1-3d9f-4288-9095-cb5b28aa2eda.png,pneumonia
877,aafda091-8953-40c4-802e-853a206e50d2.png,pneumonia
878,8c6af598-175a-497b-8938-02c432afd70d.png,pneumonia
879,f0343afa-3b37-47d4-93d0-9ee56c30952e.png,pneumonia
880,3517d4f2-175a-4ec4-a274-eda1d8189299.png,pneumonia
881,18230da7-8929-47fa-97bd-0c4f570867ca.png,pneumonia
882,8ee69af3-04f7-4fb3-96a9-775c37234c4f.png,pneumonia
883,098e14d4-3205-4c2d-a059-738f830c0aa5.png,pneumonia
884,162c2fa0-aa64-4cc8-aacd-930750957868.png,pneumonia
885,6d9912ad-e56b-4ff3-931e-75b39df49c0f.png,pneumonia
886,c5fb4095-cb29-4c10-9267-dafb286acc8e.png,pneumonia
887,813e0822-259c-4c62-81bb-86b6c0a2a948.png,pneumonia
888,16fff742-c937-4b49-b7bd-b6d9f7b75847.png,pneumonia
889,ac9106d5-8cbc-46b0-b27e-8c998b04ef51.png,pneumonia
890,08f17660-dc61-4a5d-b6fb-10dacc1e20a2.png,pneumonia
891,3e120bed-fc23-42ac-85e6-59a28a1d215a.png,pneumonia
892,4fd86b92-7ee7-44b7-8b94-7bafbedfaedd.png,pneumonia
893,718cee3f-4cff-4edc-92d3-80f0169e3b5c.png,pneumonia
894,4cec7c74-e39a-48d0-8ec5-2b04ad0bfa3e.png,pneumonia
895,c907dcd1-6011-430b-9515-009900b4a98f.png,pneumonia
896,b46fcbd0-8851-4561-96de-0a820e49f45d.png,pneumonia
897,6b1c5aa9-639f-46c5-91c9-186952430ee7.png,pneumonia
898,981a2806-2512-4ff1-9c99-2eed4ad32b9c.png,pneumonia
899,3c77978d-d287-470c-9bef-b47836b7fa55.png,pneumonia
900,81f89fe4-78c8-409b-8f4e-e20588818fa1.png,pneumonia
901,6e01cefa-becc-4ad7-b8fb-c8172fc9e7da.png,pneumonia
902,36ab4430-59ea-442a-9968-9329b3c93954.png,pneumonia
903,50d01d67-020b-4806-8ceb-b2838fb8709c.png,pneumonia
904,81da1196-4ca8-4c29-b0cf-6c6cf6386a6f.png,pneumonia
905,01a6eaa6-222f-4ea8-9874-bbd89dc1a1ce.png,pneumonia
906,659311dc-e5f9-4150-90c6-65e762f170e6.png,pneumonia
907,8bca4dca-cff5-4d7b-bcd7-e303c59c3c6a.png,pneumonia
908,bf02deef-f65f-41ac-a126-48a4740e161e.png,pneumonia
909,524f5b87-d37d-4287-b7fe-0e7d05fa9d25.png,pneumonia
910,787fe62b-0e2b-481a-b1f3-2a3f754ba7dd.png,pneumonia
911,a0930be8-f005-4141-a181-c1494cba358f.png,pneumonia
912,936f2425-bc13-49ce-a4a1-979fd314ab48.png,pneumonia
913,86a6c564-e88d-4a30-9dc7-cddbab5773b5.png,pneumonia
914,86459db9-dc9d-42f5-818d-9525684d5406.png,pneumonia
915,be1a004a-5911-4b0f-a431-bf909eed1e60.png,pneumonia
916,09d2a8d3-3ef9-4e91-8abe-d1c127747905.png,pneumonia
917,473cc35e-bf1d-4253-891e-5fab620cb47b.png,pneumonia
918,55d5a0b4-ff06-4c41-8aee-d3d49febd027.png,pneumonia
919,eba26223-cd3f-4b8b-a4b8-3ebc3922da4f.png,pneumonia
920,be309060-220f-445f-9aa5-4a8825783fb2.png,pneumonia
921,061b44ff-fd22-473d-853f-81da70e14a63.png,pneumonia
922,3747c54e-e425-451d-90c0-943e99b873d4.png,pneumonia
923,b56e253f-df19-4485-928b-d3b3f66d6c47.png,pneumonia
924,9de7304a-bda3-4aa7-8002-c7b1b662745d.png,pneumonia
925,20199da8-1cc3-429a-90d5-95242e065fe4.png,pneumonia
926,3ed5e37a-df95-4bf3-9ea9-fab48fc42f86.png,pneumonia
927,728a62fc-4310-4aca-9d68-72c8a829d69e.png,pneumonia
928,bef738ff-ef1f-41ce-baa7-e40009c8deab.png,pneumonia
929,92d7540d-db17-4fa8-814a-3d719157928c.png,pneumonia
930,03edb5ed-9e76-4abe-bc35-7bc95fea7e6a.png,pneumonia
931,9a9cec58-b096-4661-8a89-f536aa33adcd.png,pneumonia
932,8a283d3e-888f-4b6a-ae13-200b21f9e69a.png,pneumonia
933,9a5ebaf8-f562-456f-a1fa-e485ee712790.png,pneumonia
934,1be56c93-6607-4b08-b73a-dfe4ca81f7b1.png,pneumonia
935,b5eebe73-0b9c-4621-abcd-940f6e90a86c.png,pneumonia
936,8a4673b4-243c-432d-b2d6-fbc7500c2cd9.png,pneumonia
937,39552f5b-ee51-4a9a-9028-8fcdaae9baac.png,pneumonia
938,22c13a41-b046-441e-adbf-ed77104b6249.png,pneumonia
939,5d8dbcf9-0d68-4aec-8638-b0a9f45d71d6.png,pneumonia
940,b6adc779-5eb6-4afc-8672-986ba03b0dfc.png,pneumonia
941,6f988c8c-ad47-4694-b5c9-bf572cc7c23a.png,pneumonia
942,b091d2a7-572e-4183-8dfd-acf6ae5e3e86.png,pneumonia
943,b3198fbd-a80a-4b5b-8a12-f89bb4a72b4a.png,pneumonia
944,88b5a0c7-4f3b-4a3a-9882-617c1b87c187.png,pneumonia
945,fbd80ae9-ddf4-414f-a6ab-77da639c33c1.png,pneumonia
946,4edf6d79-0dc8-4b45-b40f-2bdd0665e115.png,pneumonia
947,a1538feb-5647-463b-9876-ca6e5ff00f48.png,pneumonia
948,adf5f84f-432e-4b58-bbc2-6121f9119dd9.png,pneumonia
949,9d93caf3-5af3-48a0-9a6e-23bec560da26.png,pneumonia
950,b1323e3e-2460-4db7-a98e-f810c0004836.png,pneumonia
951,1bf6fe95-9953-4e27-a71e-4dfbfa81e63b.png,pneumonia
952,7c6ddc4e-9859-43a4-bb33-33e9efa42685.png,pneumonia
953,ab39973c-ae43-4ded-8c33-678bb4f28988.png,pneumonia
954,3580d303-401f-4f0b-ac88-0729834349a8.png,pneumonia
955,99f99868-4c89-47f0-adbb-5a9ca675002d.png,pneumonia
956,33f0fb8e-35b4-4680-8f22-990a36899bfa.png,pneumonia
957,be653a8a-5978-48b3-9101-91e35a15e6d2.png,pneumonia
958,ba14ae2e-3d32-4c84-8784-6452ae1adc23.png,pneumonia
959,57d11808-6e38-442d-b908-b5da489f73e3.png,pneumonia
960,3f4eae54-fb2b-4616-a32f-c42f7df570b7.png,pneumonia
961,0d4cb628-fdfd-4a4f-838d-9054ed99cc9e.png,pneumonia
962,SARS-10.1148rg.242035193-g04mr34g09c-Fig9c-day27.jpeg,pneumonia
963,1f493e1f-cd9f-455a-8b22-c77d042d6ac2.png,pneumonia
964,48defac0-fab6-4c3f-9d1a-0ba441d599ec.png,pneumonia
965,dd7cf95b-f215-4880-9f3a-b7eb7b27fb79.png,pneumonia
966,66c52ba5-c91d-4f0c-af96-18148fd9dd66.png,pneumonia
967,bd6d6284-0c13-454a-a41f-c84ee6c1dde4.png,pneumonia
968,f66549b1-f756-45d1-88cd-f0083e9a25ca.png,pneumonia
969,c44a8316-9b90-49e6-ab36-8db213312a4e.png,pneumonia
970,9ee07fd5-612d-4a33-89a6-12fa8ce9bb48.png,pneumonia
971,5fb1f7f4-d9ee-45d0-b335-fed129ce68dd.png,pneumonia
972,ef503977-63a8-4fcf-9019-78e8e70511f3.png,pneumonia
973,adf5f84f-432e-4b58-bbc2-6121f9119dd9.png,pneumonia
974,ab71b558-cd1c-4ca8-b06e-05b4f3f48525.png,pneumonia
975,b8962707-6434-48dd-bd1c-5ba0164a3a22.png,pneumonia
976,3c1fdc6b-2e9a-46f7-8dbd-28d4155f9b93.png,pneumonia
977,6821b958-8b00-40f0-8ec2-8912d21acfaa.png,pneumonia
978,b0502b9f-b85c-4cac-9e8f-325ed59315e0.png,pneumonia
979,3c37c82e-fbd2-41f1-8292-1ff77df2b3fd.png,pneumonia
980,fbbd0b3f-2305-450b-950f-0f88754ebd94.png,pneumonia
981,9164c28f-9820-49e5-8020-460bf25c270c.png,pneumonia
982,bec35362-40e8-4f43-99aa-8d1eec483456.png,pneumonia
983,abe4dcac-25e1-40f1-9deb-0a18079fff6c.png,pneumonia
984,734e9b9e-18c4-4d9c-bece-dafaad5742dc.png,pneumonia
985,066d9e27-e48f-4453-b1e1-d73c34910722.png,pneumonia
986,9ed655dd-cc93-4bde-be51-804bac051f25.png,pneumonia
987,1a2dc891-713d-4253-ad19-a1e7910ee2eb.png,pneumonia
988,95e6c3a5-1f34-4b87-8a71-a73032470fc0.png,pneumonia
989,524f5b87-d37d-4287-b7fe-0e7d05fa9d25.png,pneumonia
990,05b91b32-5635-4071-b45d-6a73f8eea918.png,pneumonia
991,23ae7f52-f3be-4b6f-ba8f-ac2a72f433fc.png,pneumonia
992,3ed830ca-6746-47e8-b91e-0cfeeff9f9d2.png,pneumonia
993,fcb9ac7c-e587-48e2-932d-ce270d6d66b8.png,pneumonia
994,6329ef20-a219-43c4-a437-e15622f8c0ac.png,pneumonia
995,bd164f7a-a3a5-40d0-933c-0d623be3ad94.png,pneumonia
996,c21fd129-8438-42d2-9a6c-1284fecb4338.png,pneumonia
997,aefb98af-4f16-4db8-bffb-db3217f56a99.png,pneumonia
998,ba395818-6a27-4185-98ca-a51c4c70b2d5.png,pneumonia
999,0d1b742e-71fb-4eaa-88eb-b70e403ee565.png,pneumonia
1000,b541091c-8437-407d-be64-2440a01b33e8.png,pneumonia
1001,28684a2f-1e6f-4431-969a-2f9cf574e7ba.png,pneumonia
1002,d50b31c0-05b1-404d-a03f-330d2b13a1b5.png,pneumonia
1003,9d49e8a3-a382-4765-a6e7-1c865d8b7712.png,pneumonia
1004,b6ebfc38-240b-4fac-ad09-ab378414fb55.png,pneumonia
1005,a3a15e9c-71d6-440e-9457-89e2aff93fe0.png,pneumonia
1006,4c645f41-0960-4544-9ec5-706d70db8c54.png,pneumonia
1007,38b147a7-352b-4adb-88b5-2449d362acae.png,pneumonia
1008,3690bde1-7419-46a5-baa2-14b88feed1ea.png,pneumonia
1009,15884ec8-c8d3-471b-a234-059591200be1.png,pneumonia
1010,8e2b2c4e-18b8-4a78-8817-b1e8a1a5f32e.png,pneumonia
1011,3a6a7fc5-350e-4d58-a8e5-397fa81e2586.png,pneumonia
1012,2bb1db95-73ad-46b0-8567-8a03d9a83def.png,pneumonia
1013,65f038e8-a727-472c-bb76-7a71cd4397f2.png,pneumonia
1014,4e31aec9-ea07-47c2-8712-678976de22af.png,pneumonia
1015,16968a9f-ba45-4f51-a584-ac57612de5c3.png,pneumonia
1016,b37c8b1c-335f-446e-a93a-34bc910dbb7d.png,pneumonia
1017,pneumococcal-pneumonia-day35.jpg,pneumonia
1018,071206e7-d4c0-418d-9d06-ef6505ee5316.png,pneumonia
1019,e7975e46-ac5c-4225-ba05-6e0b5b1ba917.png,pneumonia
1020,a8cb813b-9d3a-46ff-8003-053271cdcc9a.png,pneumonia
1021,237fb342-b23b-44dd-803f-b63161c3f0cc.png,pneumonia
1022,73d61528-0457-4796-9ccf-6d23f76bdd73.png,pneumonia
1023,11a41e42-fdb4-4216-9e04-d4914fe2186e.png,pneumonia
1024,3c6cc4e8-ab85-4053-9844-4f9eded69eec.png,pneumonia
1025,35ebaf46-2c58-46c0-879c-78cc3e49876c.png,pneumonia
1026,16f580c9-9242-4535-8fb6-a1724f4bbf34.png,pneumonia
1027,331b086e-e4a6-44f9-aa82-aff072c27a7a.png,pneumonia
1028,6dc76e37-3793-4ef1-b0ae-e6fa2335e139.png,pneumonia
1029,19b1f7ba-bd40-4e8d-813d-da977b2306b3.png,pneumonia
1030,958ef5a8-9119-4b34-b009-6a3fa8abff64.png,pneumonia
1031,107f84d9-65b3-4a11-9c8d-921a5bed5b2f.png,pneumonia
1032,582e641d-ac17-43b5-89a0-453555dd152e.png,pneumonia
1033,31e4e2fe-9d21-4cf9-ba57-3174ebc32a43.png,pneumonia
1034,05744f1d-2fa5-41ce-85d3-3df6a7302064.png,pneumonia
1035,ec525238-c296-4a6d-a351-ce760c7111d9.png,pneumonia
1036,37261c45-c1d3-4e6b-9d3a-a2ca48b99db8.png,pneumonia
1037,096a447e-8908-432b-a713-a51d3cd2ae9e.png,pneumonia
1038,SARS-10.1148rg.242035193-g04mr34g07b-Fig7b-day12.jpeg,pneumonia
1039,c04f9256-7358-42ef-b843-19dbf64ef287.png,pneumonia
1040,9b19d8e9-16b4-4a69-bcf0-181d4709d3f0.png,pneumonia
1041,ad50d85f-8915-4dc4-b048-74de08e2059b.png,pneumonia
1042,ab5225a7-a79d-4fcd-a04c-d478c262e0b7.png,pneumonia
1043,72e5e42d-dddd-4ce2-90f9-ef9edbeaa549.png,pneumonia
1044,a058e58a-be32-4941-86ce-b01a36285658.png,pneumonia
1045,cfb88e62-c5d6-415c-87d1-7be3238de1d5.png,pneumonia
1046,afa1bff5-3158-4bd5-bfe4-e85bcd3577d7.png,pneumonia
1047,fb06bc98-4c80-4b67-94d2-b9e20e168f3c.png,pneumonia
1048,f86a02d1-4ee2-4578-b001-a03952254643.png,pneumonia
1049,0daa445f-6b0b-499f-8162-91296e89f61c.png,pneumonia
1050,0638709c-d31d-4a59-a9e4-fc408ae36145.png,pneumonia
1051,697fd96a-05c7-4d2f-8e1d-ad99238e4a94.png,pneumonia
1052,9528063f-230e-4a25-b3b1-412caca2f750.png,pneumonia
1053,a6cbb3dd-75ab-4671-a6b0-9a51c04a81ec.png,pneumonia
1054,31b33ec5-c46a-462c-a933-36a361673a2b.png,pneumonia
1055,34591201-fa13-4dfc-809f-bb3cb8ca7665.png,pneumonia
1056,088d4414-e057-45cb-a206-4dd3bb02dd6c.png,pneumonia
1057,755c7169-e84a-4327-a4d6-b0ff906a88f8.png,pneumonia
1058,3664fe85-e22a-40f4-b7e9-0d6c155fb7e7.png,pneumonia
1059,b01ee12f-55ad-4548-84ac-a560a0a429ad.png,pneumonia
1060,21eca20b-515e-4f51-95e3-c5721e1fd6a1.png,pneumonia
1061,063fed6c-4ecd-4a74-8f0d-c7a906a3afa4.png,pneumonia
1062,025d196b-cfa4-44a5-9e31-0f73dc3b318f.png,pneumonia
1063,bc4f2fce-e1dd-4d50-bdb5-103c25f46c8b.png,pneumonia
1064,3185ee2b-a09e-40fd-8f57-4d2802c0248d.png,pneumonia
1065,390dad2f-bd13-4f16-92af-4e061499eddc.png,pneumonia
1066,8944679f-3dd1-4a34-95d5-322efd9c0764.png,pneumonia
1067,69692a08-ac46-407f-938f-a781b55e0752.png,pneumonia
1068,fe5e5a88-1f1d-4abf-9a40-03517c3260ba.png,pneumonia
1069,53da51f9-d894-4a24-9d1c-513b6c1433f8.png,pneumonia
1070,afc077be-f1dd-4a46-aa37-b1a478687264.png,pneumonia
1071,ad07e798-4dea-419f-94c3-f6ae51875465.png,pneumonia
1072,fde83ad1-3d9e-4a66-8f10-bb6ead510d52.png,pneumonia
1073,1004476c-1b00-4ccd-9c72-193b6a048e15.png,pneumonia
1074,81a51c71-28ab-4a62-bb1b-458117d8234c.png,pneumonia
1075,d3cf99c7-e7d7-456e-9e34-0312876db0d4.png,pneumonia
1076,b52a4969-16fc-43c1-9d87-66392415d139.png,pneumonia
1077,86401948-d976-41b5-965a-120a8cc3899a.png,pneumonia
1078,4f90568e-6ab1-4e42-8046-4b65529217c0.png,pneumonia
1079,bcaf0768-3841-4280-8de4-57e822f38c7a.png,pneumonia
1080,b1aac51c-f1d5-4dfa-8264-fa5027d9af98.png,pneumonia
1081,dc244dca-9414-4555-a2b0-935933366861.png,pneumonia
1082,58d2ffd9-f5a7-4215-9ca8-3b41536a989a.png,pneumonia
1083,fe16b6d8-add2-4d0d-b052-96b1986b67e0.png,pneumonia
1084,e17e53a5-916f-40c8-9c9c-dcc01031aa46.png,pneumonia
1085,a95a4817-482e-48bd-96bf-c661573e7032.png,pneumonia
1086,cd544eaa-5084-4bd3-81d1-8d02da582260.png,pneumonia
1087,ed6e3fd5-ac11-4733-befd-aac7c6db0a7b.png,pneumonia
1088,b2dd3d8f-bfcc-4750-b5e7-4a6fcebec3c3.png,pneumonia
1089,3eccadbe-e821-4487-afe7-2bc5f2ee5774.png,pneumonia
1090,94c76c85-6c36-4c63-bb12-704c4cdd422f.png,pneumonia
1091,f4b33c44-a7c1-4a14-a094-34bf19b38fd5.png,pneumonia
1092,f3d51616-15d7-419c-acae-90413b7fdcae.png,pneumonia
1093,239f7e39-e679-4892-9c87-04d1e4fd240f.png,pneumonia
1094,131cd368-4db7-4883-9408-47da2b59650a.png,pneumonia
1095,f02e36df-ac4d-43f1-8001-3e0494145b0a.png,pneumonia
1096,fa42a65d-581e-44bf-a8de-b89e9a6c17fb.png,pneumonia
1097,374b2ddb-10f8-4fb7-a745-3ecf886af10c.png,pneumonia
1098,be108ff0-e920-4b6e-901d-ce8a800f6191.png,pneumonia
1099,219334b4-6696-4b41-90bd-0c56878ccbe6.png,pneumonia
1100,ab9eccef-dfdf-4fba-b1f9-fccdda382eff.png,pneumonia
1101,8b59638e-0f63-4999-831e-2f73b51a0407.png,pneumonia
1102,06f5a38a-e4b1-4e5f-8c62-f48630a52504.png,pneumonia
1103,dfc1a68e-3314-4059-8a76-4e4e0981a948.png,pneumonia
1104,67ce8121-c2fd-493a-ae78-f256b3c1b0f0.png,pneumonia
1105,bda0d7f6-9d6d-43ba-8840-e467933dea68.png,pneumonia
1106,bfe41d70-219e-478e-85ba-9c8226b572f4.png,pneumonia
1107,e67b71d5-e6cb-40be-bf98-ee06d26a6a96.png,pneumonia
1108,f8b2aff8-bcb0-4a58-a3e6-7c52e2334032.png,pneumonia
1109,1f4741e6-a0ae-41b2-8b70-bf7e927f1b13.png,pneumonia
1110,5860110f-acc0-4361-9c51-7da5f5c102ce.png,pneumonia
1111,a4c04a83-5178-41c3-b300-be73b521947c.png,pneumonia
1112,ae657240-1b69-4b1d-af95-673af661fecf.png,pneumonia
1113,87e4af8b-1110-481d-86de-f315ca03936d.png,pneumonia
1114,6135977c-f19e-4a7f-9e11-6fe03805e750.png,pneumonia
1115,bd1356ed-d7fc-41d7-a11b-b1b1f2c5add1.png,pneumonia
1116,71a747b4-d566-4590-8a69-4176501f6884.png,pneumonia
1117,149d826e-7078-4b2c-888a-d8811c72caf8.png,pneumonia
1118,fa8ea2ce-097a-4e42-8f9b-c3d0603484f1.png,pneumonia
1119,3434889e-68e9-416d-bf95-ca21275eda5e.png,pneumonia
1120,fa493720-2b2a-456e-a8a8-6ba60e90fb8b.png,pneumonia
1121,5aa4469e-a36f-4ca9-b6e1-f0bc9dff2653.png,pneumonia
1122,0a03fbf6-3c9a-4e2e-89ce-c7629ae43a27.png,pneumonia
1123,3bc44999-08aa-4429-ab87-a2958f22b2f8.png,pneumonia
1124,b56e253f-df19-4485-928b-d3b3f66d6c47.png,pneumonia
1125,aaf271c4-df7a-477f-a609-4dca15b54649.png,pneumonia
1126,bb509940-e147-4ff1-806b-a82890182d5b.png,pneumonia
1127,bfa45a99-7125-4d61-966b-c51e54dcbf10.png,pneumonia
1128,34a24f18-584c-41df-b0c6-2cc9fc5cc0e3.png,pneumonia
1129,35071f53-b924-440e-bdfe-7e6f3c74989d.png,pneumonia
1130,13acd418-a94d-4b36-900d-c13b9bd048c9.png,pneumonia
1131,09326eb7-f4cb-4d8f-83c6-8ba7fb8b5ac7.png,pneumonia
1132,8f202a05-d9d3-43c2-aa4b-0ab8939f0607.png,pneumonia
1133,820a493d-b8cb-4724-9609-4db39b42f368.png,pneumonia
1134,049d7317-5a8b-4fc4-b81f-159fe6b45a92.png,pneumonia
1135,8992fd71-2070-4b0d-8098-07940eddfbb5.png,pneumonia
1136,93727b85-2fa2-478d-aecc-46e14f391dd5.png,pneumonia
1137,3e881f10-28aa-4626-a79a-50cc014b7a1a.png,pneumonia
1138,549ee5af-e19d-4483-9f7b-d3025dbb1979.png,pneumonia
1139,32c9f801-2eaf-433b-a87b-08ab319ba27a.png,pneumonia
1140,112bf6f9-0ac8-4ca0-a84b-ea29811fd871.png,pneumonia
1141,11ff35a5-51dc-41d7-afe1-588ff59cbc4b.png,pneumonia
1142,ab59e6e8-22f2-43f0-8fbc-3e8bcaba1d47.png,pneumonia
1143,adf7dc8f-19dc-4543-8aea-982cfa21629b.png,pneumonia
1144,794c2473-8e8e-4f2b-989a-7148d0737c95.png,pneumonia
1145,3b4a83a5-e755-4b20-b21c-0a0424095325.png,pneumonia
1146,c5a8e91a-2d40-4355-91af-73abf5f0fdf1.png,pneumonia
1147,87a3d945-d417-45a8-9f57-08cdb83e4e8b.png,pneumonia
1148,408d434d-3508-4059-a1d5-2805859bbe46.png,pneumonia
1149,96862a19-db35-4c6f-a6f4-2f00a1bd303d.png,pneumonia
1150,2178c094-b206-4fe5-a9ef-d84540996b89.png,pneumonia
1151,02099738-7465-4786-b71c-de8cdac477c3.png,pneumonia
1152,0444a527-72cf-4bc9-b17f-100cf7acc889.png,pneumonia
1153,9ed27b99-3235-476c-a752-abdc005fb46b.png,pneumonia
1154,d02e780f-2033-4dbc-a98b-94c1ef4e96cd.png,pneumonia
1155,883e12fd-4837-41dc-9298-86e3c6a5cc5a.png,pneumonia
1156,98cd0b89-202e-4b22-83e3-ea843488ea6c.png,pneumonia
1157,36fb7333-2dbf-4be3-a424-6739b2090dee.png,pneumonia
1158,bd449993-b9a0-4cad-8cbf-780ad345c3f9.png,pneumonia
1159,82054420-6a12-4690-ae52-9d3be158499c.png,pneumonia
1160,a8e2a670-e58f-48c1-bf03-051d1678cbc9.png,pneumonia
1161,08e84251-b9cc-47e7-9486-be7becdd1d84.png,pneumonia
1162,32fbc636-5413-419b-8539-6e6a7cca9f4b.png,pneumonia
1163,1b5c50df-36c2-4b74-85f0-84925fa63ac1.png,pneumonia
1164,ffa424d2-6e6b-4eed-93ab-7551e8941215.png,pneumonia
1165,acfec3cb-9511-4f09-977c-87b061bd50dd.png,pneumonia
1166,8b60f253-6ae0-4b16-89bc-f3e3163dbbae.png,pneumonia
1167,156634a8-5ca7-4822-92cd-677aedc2247a.png,pneumonia
1168,9d1ceb1a-66ef-4135-a905-3d7b51b0fb4d.png,pneumonia
1169,ded94391-8388-4a59-8e28-5c24729fe636.png,pneumonia
1170,e9e58cf9-f301-4fe9-a5d5-ff12f7981612.png,pneumonia
1171,50e589e1-e878-4994-b29f-ce9d731ac2db.png,pneumonia
1172,eb211810-c51d-42c7-913b-d327c8ca4dd7.png,pneumonia
1173,2fc6c353-a51d-4eb7-ae51-d971f12a38d9.png,pneumonia
1174,80314888-a5ec-4ba1-8cf4-ad9c67fac5ba.png,pneumonia
1175,6f3edd10-1cc0-4f2b-874f-3d599bdf463f.png,pneumonia
1176,3f679b9e-6ebc-4a39-a08b-a1bccc6111a1.png,pneumonia
1177,3664fe85-e22a-40f4-b7e9-0d6c155fb7e7.png,pneumonia
1178,d2e16b46-2400-4ff1-bdec-3ed42e49155b.png,pneumonia
1179,8194b336-dd7c-42de-9471-ebba8c4db0c0.png,pneumonia
1180,SARS-10.1148rg.242035193-g04mr34g0-Fig8c-day10.jpeg,pneumonia
1181,b47f9472-39dc-4f3b-9321-983be2324579.png,pneumonia
1182,8915ce9d-e920-4a9a-a4c6-4c40ab8af51e.png,pneumonia
1183,14b2868e-e0fc-40f2-a54e-609bf24da493.png,pneumonia
1184,854290ba-d47b-457b-949e-c86f0e7e5143.png,pneumonia
1185,a3dda87f-1087-42ee-b602-453eaac55e5f.png,pneumonia
1186,905fcc4a-7a63-4326-9e55-2e8a9ecf1d9c.png,pneumonia
1187,6e028cf7-8ea4-4e7d-a2b5-0d5bd2eca495.png,pneumonia
1188,4240c194-667f-498b-989f-ae7bd19e68a0.png,pneumonia
1189,0f1a4a99-3a8a-4d4b-be2c-8a003274ed53.png,pneumonia
1190,afa95e84-6a86-4203-ad3c-f3adb8aaaa03.png,pneumonia
1191,5860110f-acc0-4361-9c51-7da5f5c102ce.png,pneumonia
1192,e191c1c9-94e8-48fe-8ad3-bda04a74a905.png,pneumonia
1193,a2a093bc-6179-4a31-bcbb-645d2f136a80.png,pneumonia
1194,d979af2c-4ed0-42da-9b2d-5cd3733b8d13.png,pneumonia
1195,94c389e6-2850-4ce8-994f-11bf91f656e1.png,pneumonia
1196,34aba493-c3b3-49db-a2fa-b65345248969.png,pneumonia
1197,4b048bdc-0a0a-43ed-aa0d-5971e433874b.png,pneumonia
1198,a0c64b6b-5c91-422e-96a6-5389d9c23cec.png,pneumonia
1199,48e7614f-7e6f-4b42-9e48-c1c674c802e0.png,pneumonia
1200,245d1104-6524-4d44-ace9-e54f0645a46e.png,pneumonia
1201,3f24788a-dea2-4936-8290-68b53dd532e2.png,pneumonia
1202,75cf69a5-bdc1-4ef9-8937-2abad5bec289.png,pneumonia
1203,c00bf44e-5b65-470d-8ddb-b704e630bd5e.png,pneumonia
1204,f4362a52-b9f5-4d96-a6ba-04284a233eb0.png,pneumonia
1205,3adf7f71-3ded-406d-a08c-a61d152f78dc.png,pneumonia
1206,107f84d9-65b3-4a11-9c8d-921a5bed5b2f.png,pneumonia
1207,020a16e3-baf9-4cf0-859c-c79b5253d717.png,pneumonia
1208,b1564fdf-53a6-4629-9253-431690f09c3a.png,pneumonia
1209,4fdb5a1b-7bb8-4133-aa82-2c051b94bc2e.png,pneumonia
1210,32ceee8d-3208-4abc-b329-55f7d2264398.png,pneumonia
1211,85867e93-12ca-4fea-9d71-6e21bad54309.png,pneumonia
1212,4b8c3f3e-19ba-4883-866f-bdc033d40d87.png,pneumonia
1213,ecfa4360-af4d-4bd7-ae2f-b1f56a623dfe.png,pneumonia
1214,19b1f7ba-bd40-4e8d-813d-da977b2306b3.png,pneumonia
1215,3b266180-6af2-4859-9576-17fd9ab9fff1.png,pneumonia
1216,f87332a3-9e9b-4405-bcb2-d52652adbaba.png,pneumonia
1217,a1be5d47-d573-411a-862c-d5e0ec36f469.png,pneumonia
1218,b5b4468f-e5e2-48a5-aa42-e08547be1172.png,pneumonia
1219,6db32359-5e81-4f10-b509-5c55e1f27654.png,pneumonia
1220,1851dff6-31ec-4453-9ddc-95c0aedace5b.png,pneumonia
1221,52c8dcfc-eb27-449f-aeda-b14412989a4a.png,pneumonia
1222,ba14333d-9629-4a0f-9517-b5899fecbe89.png,pneumonia
1223,fb10f71b-fd9d-43cc-a310-c5b48b7d22c8.png,pneumonia
1224,7f011de2-72be-480f-b9aa-4967985778f0.png,pneumonia
1225,b8d1e054-382a-42df-b371-596ea8886162.png,pneumonia
1226,335e0c90-7426-44a3-a9c3-11b21485d840.png,pneumonia
1227,9c6b1f79-c2e8-497a-88aa-34af955ce666.png,pneumonia
1228,91c00a0a-b2fc-446c-930a-0567100f54e7.png,pneumonia
1229,375e3962-cb81-4f04-ae25-f74d92320998.png,pneumonia
1230,32e8b837-8656-47e1-87ec-b365c7670984.png,pneumonia
1231,3734dfbc-ce7c-478e-8160-53ea00b32c5c.png,pneumonia
1232,c08f10a9-1c81-4c81-b411-a53c7b51f20b.png,pneumonia
1233,3a6a7fc5-350e-4d58-a8e5-397fa81e2586.png,pneumonia
1234,e15fca95-ebf1-4b48-b94d-aa5b702369b5.png,pneumonia
1235,a57f578f-1e6f-4248-bd38-2dacfa772fdb.png,pneumonia
1236,b903affb-9f24-4816-9141-164181d4d3ca.png,pneumonia
1237,a5dcb09b-5ae9-47a6-a561-524d7838b22c.png,pneumonia
1238,fa2492de-0260-45e3-9491-a0eaed9658a0.png,pneumonia
1239,2c575dd0-1a23-40d1-a0b6-da6d9c2556ae.png,pneumonia
1240,04e9f692-f3d6-496b-ae0c-905137cc1f84.png,pneumonia
1241,d1c121fd-790c-40dc-8d09-a427f826596f.png,pneumonia
1242,590adf90-b0e6-40df-9500-85b6bfd85e21.png,pneumonia
1243,088b89f6-6847-4a20-b1ad-5887b56bbae7.png,pneumonia
1244,b2103ba0-f721-45a3-876e-c4e53ebfe890.png,pneumonia
1245,bda64685-d0c5-4f57-920b-4fa3eaa9bc6b.png,pneumonia
1246,564eac4e-bec9-4cd6-94cb-cc6ba78983b9.png,pneumonia
1247,bb65756f-f78d-412a-b5e6-c7fe81c9eb4b.png,pneumonia
1248,b86e6759-681b-4846-a51a-9f6ec523d633.png,pneumonia
1249,c0654897-6bfe-4b7c-abd3-dda76d0fcac2.png,pneumonia
1250,a4cba60f-6006-4a32-8ce7-488fa06bec4c.png,pneumonia
1251,bca62fcd-acd1-4ffb-8e1e-fabd4f7c400f.png,pneumonia
1252,fcd6452c-680d-40a6-9fc6-1793eb3ca0a8.png,pneumonia
1253,ae3f4d88-7880-40a1-aa43-4481dbc330ea.png,pneumonia
1254,37a40c9f-fa3d-4819-85c0-531d0ba6b991.png,pneumonia
1255,4edadee3-ed63-4cb8-bced-20db6b38d0cc.png,pneumonia
1256,ef7c58ec-8b59-4406-952e-9d54c34e6276.png,pneumonia
1257,a20a5357-fcdc-4d8f-b5ad-7a49c2df7db5.png,pneumonia
1258,abe4dcac-25e1-40f1-9deb-0a18079fff6c.png,pneumonia
1259,0f15c248-4f8c-4d9e-b39b-6e7d59b973c5.png,pneumonia
1260,66ab31a6-be10-4f4e-ad4d-b4aeb9371271.png,pneumonia
1261,1bf6fe95-9953-4e27-a71e-4dfbfa81e63b.png,pneumonia
1262,5f9dcb8d-95f7-4d47-9e6b-34dd8101b6c0.png,pneumonia
1263,d5e9a92d-fb2f-416b-8731-4f7435d6c9c5.png,pneumonia
1264,f4b5f778-32f9-4197-b765-2347e3a4973d.png,pneumonia
1265,aa78c204-135e-4605-8310-7202c41e08cc.png,pneumonia
1266,573957bf-09b6-40d0-aca6-389696465e7b.png,pneumonia
1267,911027e5-82d0-44f8-af40-de9049922430.png,pneumonia
1268,be03b6e9-e030-4491-b23e-ac1d7efc73bb.png,pneumonia
1269,a2b8c42b-db97-4b42-aae0-c8ba85053132.png,pneumonia
1270,d094558c-2614-4d0b-b142-a9de0864f572.png,pneumonia
1271,a14ac79f-dbcc-41aa-98fc-3f1440891839.png,pneumonia
1272,3e1c25da-aa39-4bf9-8ee1-71b5a0f4977e.png,pneumonia
1273,36da2e3e-cd74-48f5-89bb-00cd186f4de9.png,pneumonia
1274,3e75ff4a-a15d-4451-850f-605c3244cb17.png,pneumonia
1275,bc3874a9-9bcc-4156-ad10-b3ba0ec3d370.png,pneumonia
1276,b053417c-836f-4f6f-9224-f9dc286ee6d0.png,pneumonia
1277,3bc8260d-31f1-45a4-bad5-06d0936f9bed.png,pneumonia
1278,f058ba1f-6cf1-4127-9372-d93a5459a339.png,pneumonia
1279,2554df23-d5d3-4ffc-86c7-952a535998fc.png,pneumonia
1280,fe71c437-e46b-406c-8870-3b2298fc7d3a.png,pneumonia
1281,3afea858-8721-468b-9e94-b795d195ef62.png,pneumonia
1282,eb3d5fed-558d-4aba-b13e-f7917c49c79b.png,pneumonia
1283,732836e0-76c6-4bd9-9798-b7039f6b6e14.png,pneumonia
1284,98692be3-a420-4f98-bffb-4f98187059a8.png,pneumonia
1285,5e528963-b34e-4605-be13-8faaa2b0c65b.png,pneumonia
1286,8c07ec1c-76d2-459d-ad7e-7b3e198affb8.png,pneumonia
1287,3fbd74df-08fb-4145-abdc-5e27828b3d30.png,pneumonia
1288,bc43dbd7-03e5-450d-aa3c-d0efed12a8f9.png,pneumonia
1289,3c0f1edd-10c2-46da-a01c-a151aa88f2df.png,pneumonia
1290,b6271674-f13d-4087-ae03-d6ae35381dfc.png,pneumonia
1291,8b216d4c-23b0-427e-aa94-d516d4ae9698.png,pneumonia
1292,1c184066-163f-4941-9794-43e8ca7fe77b.png,pneumonia
1293,b6485351-ddd3-4bae-9b4e-6038370e827b.png,pneumonia
1294,b407bfac-f351-4129-9e55-53e825f7ab16.png,pneumonia
1295,002cb550-2e31-42f1-a29d-fbc279977e71.png,pneumonia
1296,9fbc34a0-5af2-4ce3-a672-c7d90c78aaa8.png,pneumonia
1297,3f7da5a2-f06c-4b3e-9cd0-0aaa3931c286.png,pneumonia
1298,9f756055-99fc-4a80-97b4-f89f98cf92d2.png,pneumonia
1299,c801ebd5-8032-473d-8a47-de337f59c904.png,pneumonia
1300,b86479a1-e997-4026-acfc-2d467291eb50.png,pneumonia
1301,3da7cc6a-7864-4ab8-8842-297650b7db19.png,pneumonia
1302,104c55a0-70a6-49a7-a677-c170d356372a.png,pneumonia
1303,7638c224-6103-4774-8254-73f3b394779d.png,pneumonia
1304,b9bcc788-2f34-4af5-9fd5-ffeeee91eb04.png,pneumonia
1305,889fbb03-ad00-4da1-abea-6ad0a8843335.png,pneumonia
1306,aecf37ea-fe82-4618-bf8e-650d83f2ba42.png,pneumonia
1307,6129213e-1ab7-465d-a84d-e871246fa712.png,pneumonia
1308,853eb3dc-762c-4b84-901e-3399addf1fe6.png,pneumonia
1309,ca8b395d-7ca0-4dc4-8b56-ff519b4edb89.png,pneumonia
1310,c6dd0b25-7b0f-499c-9601-13b67f37424a.png,pneumonia
1311,c10053b8-7bc8-4d8f-99f0-92d86a97ee2e.png,pneumonia
1312,55211b4b-62e6-4d9f-8b0b-72525ed68e6f.png,pneumonia
1313,9d541ed8-0776-4d41-8ffd-4f6bb9c3cf19.png,pneumonia
1314,f4362a52-b9f5-4d96-a6ba-04284a233eb0.png,pneumonia
1315,3f167f68-6cde-478d-8e78-9ae22529c22f.png,pneumonia
1316,3d8ebf19-bf2c-4dff-9c25-25aa15d1ed88.png,pneumonia
1317,c3e28b77-4477-4e36-89a7-ec0713349d4b.png,pneumonia
1318,7a8dd22c-7af7-428c-a043-578390fc6fa1.png,pneumonia
1319,35d5dba1-22ee-4f68-b28f-bd16ae96ae00.png,pneumonia
1320,9acc3015-cffb-414a-a8b1-87555ba73b50.png,pneumonia
1321,e84da550-d09e-46cd-94c1-617b6d7aa461.png,pneumonia
1322,020a16e3-baf9-4cf0-859c-c79b5253d717.png,pneumonia
1323,274f1a78-5887-4694-8fd6-a1847d9bc486.png,pneumonia
1324,80314888-a5ec-4ba1-8cf4-ad9c67fac5ba.png,pneumonia
1325,52ec4779-e0e9-4b01-8b61-a2222cb76a10.png,pneumonia
1326,b0047aab-84f1-44b7-b485-37df40388101.png,pneumonia
1327,a6a38450-9151-4178-a830-a08e0223f8a5.png,pneumonia
1328,b18e4375-e20d-42e9-a545-a62294135c07.png,pneumonia
1329,8e67f906-1ff2-40a8-8ea1-c5b4887ce2bf.png,pneumonia
1330,03ae75b6-45a7-4a68-9871-f07b82b17bf6.png,pneumonia
1331,f0db2967-6ff4-4d56-b697-8440b9cda138.png,pneumonia
1332,775c8468-399e-49a9-9fe4-07e75071abe7.png,pneumonia
1333,31e2cf57-392d-4fdf-97ce-69a2da281eec.png,pneumonia
1334,8c79e5d7-7862-4db1-8d88-062abff2e172.png,pneumonia
1335,bf99f510-56e1-421b-ad0f-ad10f4cdd3a3.png,pneumonia
1336,b36ddceb-a4c3-4f3e-9b95-cac57da3d0b9.png,pneumonia
1337,c2b612b7-72d6-4224-87d1-2e55e4ba905a.png,pneumonia
1338,3f0cede4-95d5-48f9-8ec9-1606ef72c56e.png,pneumonia
1339,51ea5b97-a5a2-4ba0-9090-b85214c43c04.png,pneumonia
1340,308e8db6-f833-45b2-adb7-0f019ff96135.png,pneumonia
1341,bb7973b1-58b1-4e2e-b687-144e179f0996.png,pneumonia
1342,32dbe7f3-6c0d-4320-9c89-775dbbb933e8.png,pneumonia
1343,ba395818-6a27-4185-98ca-a51c4c70b2d5.png,pneumonia
1344,fa493720-2b2a-456e-a8a8-6ba60e90fb8b.png,pneumonia
1345,7b4c5581-5fd4-476c-b2bb-ee4dcbdf7c71.png,pneumonia
1346,3a9196af-16e0-4a6a-95e4-426614770eb2.png,pneumonia
1347,c033f66d-900e-4ba3-8da4-a6823ea89d09.png,pneumonia
1348,d4a41252-bd49-47db-ae15-e6e489271b82.png,pneumonia
1349,83bb8d1a-8486-4ee9-885d-17ddffde40fa.png,pneumonia
1350,395cb95f-700c-4a77-89f1-dcbddf957552.png,pneumonia
1351,53d4697b-98ba-4dbc-892e-a602baec576b.png,pneumonia
1352,4dcb986c-d32b-4acf-870b-342a42da7617.png,pneumonia
1353,fbea2dbf-3828-4b0b-a8cf-e1a1e513851b.png,pneumonia
1354,dde8d2fb-aa94-4fbf-a3eb-3a58ea13ea75.png,pneumonia
1355,c31be560-cec0-4ada-b2e1-be51c2e8bb22.png,pneumonia
1356,15508c0e-a6bd-4d3a-9be2-76466b9f7eb1.png,pneumonia
1357,6bd155f1-693f-4343-8d38-dc0d1cd9347b.png,pneumonia
1358,ec8965a5-1774-4644-8e58-dd62eacc160e.png,pneumonia
1359,17c749dc-e97a-4c5c-b4f4-c68b135a1a64.png,pneumonia
1360,bca2cc4f-0482-4a86-9bee-2ed85b8dbd75.png,pneumonia
1361,b78a4ada-0963-4067-a009-3f8ee134e069.png,pneumonia
1362,6f5859fe-9eaa-4a4e-bb4c-217596812fef.png,pneumonia
1363,b8999532-31ea-4659-9039-d83a6fab490c.png,pneumonia
1364,0fc4edec-08ea-4cd4-bf21-a6319ef0b44d.png,pneumonia
1365,fdfce1ff-203e-4b23-a360-3803558a7f7a.png,pneumonia
1366,d91b519f-9216-4ff9-9e2a-3356bfe4e391.png,pneumonia
1367,0f0a1877-3f44-42f0-8905-2856078ff2ac.png,pneumonia
1368,8af89b60-74e2-4f60-8764-b954598cddc4.png,pneumonia
1369,061bb9bf-13c6-4ea0-bd82-5768fb83dff8.png,pneumonia
1370,9b2d7e34-af22-45b1-a619-4995b7118919.png,pneumonia
1371,c1ffc793-0e31-4396-a0fc-6f7f6cccb28b.png,pneumonia
1372,2cd0cbc4-bf35-49de-963e-8ee3fd08ca75.png,pneumonia
1373,bc15aa77-4017-4833-b947-42324d271764.png,pneumonia
1374,d4d21c2c-ee3d-443a-91cd-7e6e3ebd59c6.png,pneumonia
1375,86f92091-0f8b-400e-9a13-f3d61ad724a5.png,pneumonia
1376,3705e8a9-bda4-43dc-8671-5f3bb5e1ff8b.png,pneumonia
1377,bd7b6626-82a0-4410-b96b-3109223128e1.png,pneumonia
1378,eb9bf555-1859-47a9-a95f-e86246ce2bd9.png,pneumonia
1379,07464097-0781-4632-90ee-39b0e53cd72c.png,pneumonia
1380,bddd048f-116f-467e-803f-fd234c53a61f.png,pneumonia
1381,648d7073-547d-4ce2-b91d-87436e5e7abf.png,pneumonia
1382,5dbb180e-0145-49a7-a6af-dffb8718fb96.png,pneumonia
1383,1a557ac7-3f9e-4750-9d36-1c311cad8a6f.png,pneumonia
1384,4a2078dc-3789-43b2-a31e-19014d4fe3eb.png,pneumonia
1385,bcff3700-de7c-42c2-be5d-1c95d008966a.png,pneumonia
1386,a2a84bc3-c75b-4df6-840d-e118b61594d4.png,pneumonia
1387,8b252ccb-1a24-47cf-bd2d-b42c6c9a2557.png,pneumonia
1388,195033e1-ab56-4857-8b68-ef116fa576aa.png,pneumonia
1389,2b55eeed-3408-46fd-9e18-d7c5295a92b2.png,pneumonia
1390,a9c3b3d8-0e8a-4b5f-b05d-d66f5f8fe2ad.png,pneumonia
1391,57ddcf7d-96d4-4529-a2f9-9d3c9d25ca89.png,pneumonia
1392,d20338e0-8ae9-4a30-9a0e-8225aae32073.png,pneumonia
1393,8047b765-c93a-4059-8a09-9b1e809809e7.png,pneumonia
1394,491ff1d8-9dc1-4855-96b0-874870c611e0.png,pneumonia
1395,0499513a-5d48-4cf9-aac8-115e2a52fe1a.png,pneumonia
1396,b804f8cc-64b3-4a06-8929-7f12138fc625.png,pneumonia
1397,23ca0450-4138-4e7a-9489-0f5b6a91031d.png,pneumonia
1398,41e4abf6-897e-464d-9cec-ed3c51d8809e.png,pneumonia
1399,7f81fcb5-397d-4a3e-acaf-6837b5fc19d6.png,pneumonia
1400,3333d928-dd10-46f2-927e-f7d5ac070221.png,pneumonia
1401,5e36040b-0804-4c66-a879-32afdacf18ce.png,pneumonia
1402,8b78523f-8061-41b9-9be6-cd64fef9f2d2.png,pneumonia
1403,21b97415-1275-4483-9705-af9174fc2b4f.png,pneumonia
1404,46c48199-1dcc-469c-ba56-f7a741dbfc50.png,pneumonia
1405,bb3857ed-9f85-4afc-96ee-c8b6b637490c.png,pneumonia
1406,f23907b3-9638-4986-b471-b4f2873f6504.png,pneumonia
1407,17da6531-1b17-43c8-b052-c5e75b582730.png,pneumonia
1408,e3dca188-6311-4214-9d15-c1d4ba4dea55.png,pneumonia
1409,bfea966c-f72f-42f7-9712-9cf77b66bad6.png,pneumonia
1410,b3e5becd-9009-4981-82ab-bbf28f4a834b.png,pneumonia
1411,3f13b743-77e0-46a8-8f1a-12caa6007b16.png,pneumonia
1412,9f586862-a0d0-4980-ac2e-7a82c9d4c30b.png,pneumonia
1413,fffb2395-8edd-4954-8a89-ffe2fd329be3.png,pneumonia
1414,899a3c1f-3355-4092-88a6-67848ecc137d.png,pneumonia
1415,8a7d2eff-9c77-461e-b50b-b6dac8e54ba7.png,pneumonia
1416,af935971-e768-468a-8bbe-cdb025daec83.png,pneumonia
1417,71576c22-51ce-4510-98d8-6933e0b9b810.png,pneumonia
1418,4f5bd645-8b4a-4377-9e31-1ee3b5ef0286.png,pneumonia
1419,bc54c1d6-8a51-4bae-adaf-d2b7ec7c4323.png,pneumonia
1420,15cdd2b4-0fb2-482c-92ac-a640e94eccba.png,pneumonia
1421,75db7623-17d0-4f7b-9c6b-c7a060f5ac9f.png,pneumonia
1422,315b5137-1117-4090-9329-d6a6fff607ef.png,pneumonia
1423,f1509076-069b-449d-b659-4ae16300db31.png,pneumonia
1424,7f9859ae-f79c-495a-b5ab-f717e2bde686.png,pneumonia
1425,be4073e5-f1ef-4259-b7a4-8c379844cbaa.png,pneumonia
1426,38e001a1-f518-4dc3-bdf7-b568ba90f512.png,pneumonia
1427,14a7fbc6-6661-4382-882f-b2aa317cadc0.png,pneumonia
1428,0b1d5b23-c3ab-41b5-b82d-a16a3d6b5674.png,pneumonia
1429,7cf4a9ef-0192-432d-bcf4-b4f8ebb3704a.png,pneumonia
1430,bfb7c989-f1c7-4b55-8b05-598338363b1f.png,pneumonia
1431,b54eccc2-5311-401b-b110-7176c67c9428.png,pneumonia
1432,c1cddf32-b957-4753-acaa-472ab1447e86.png,pneumonia
1433,26df5099-c051-41e9-929d-99b6f1684815.png,pneumonia
1434,d5d9c073-56ac-4102-abda-ef3b1f00331b.png,pneumonia
1435,94399962-8f89-4dfa-a93f-7a3df88feca5.png,pneumonia
1436,65b5430c-faff-4993-a138-f2cb1fb2ad06.png,pneumonia
1437,7332ae2f-48af-425e-971c-81092e98187d.png,pneumonia
1438,958f6fd1-f377-4a55-bb38-7a9db2fd79dc.png,pneumonia
1439,dda53143-9bcc-4c5f-aca6-970626733e17.png,pneumonia
1440,8cf9fffd-08ef-448b-b9ec-1074d9e5691e.png,pneumonia
1441,ab4e14e3-259f-4e54-8860-b2762e8374e9.png,pneumonia
1442,35926045-c5ed-4db4-9f3d-2e77bda01d14.png,pneumonia
1443,b73ed36a-96ce-4124-b9cd-a74d883e9bfd.png,pneumonia
1444,383d8991-e27b-4f43-bab1-e1f492ace0f5.png,pneumonia
1445,a36e4035-44c1-46f6-9ec3-4152df152050.png,pneumonia
1446,58508fc2-0fd8-4c2a-87ee-a3bdda7cd9ff.png,pneumonia
1447,a195a887-4e7e-44d9-b9d0-a2a72b1c243c.png,pneumonia
1448,156634a8-5ca7-4822-92cd-677aedc2247a.png,pneumonia
1449,aa02e36b-226b-454b-8d8a-66e4ada01d99.png,pneumonia
1450,08725d04-9db2-4b52-87fe-6cdb150a4bb3.png,pneumonia
1451,6d2e3884-793c-487b-a3d3-dd8cc2ce1031.png,pneumonia
1452,d50f9380-dc8e-4edd-9fb8-81bd80c57866.png,pneumonia
1453,6c1c37f8-f8b4-4412-8dd3-9173e9f264ba.png,pneumonia
1454,3574c226-b39c-48d4-ab38-362c4e52ee82.png,pneumonia
1455,bf1e2342-1f62-4f96-a616-e0a279d9ba42.png,pneumonia
1456,734b9290-8d34-4d42-9d2b-1b3bdb98c373.png,pneumonia
1457,ff40a703-b1db-48d5-a176-0b50763f9a0a.png,pneumonia
1458,b2314db2-44f7-4fea-9a4a-a0d22f518ac6.png,pneumonia
1459,3993a64f-ab45-4594-abe9-2807e19a1d71.png,pneumonia
1460,3b8d4df3-3950-412b-9206-1cbb57c7943e.png,pneumonia
1461,bb50d849-8c22-4e5a-8607-a14c01772941.png,pneumonia
1462,be03b6e9-e030-4491-b23e-ac1d7efc73bb.png,pneumonia
1463,99239481-5f84-4fe9-aa79-dfa79d3e7ae0.png,pneumonia
1464,69b99b7a-439a-4813-97c9-58b48f7ff969.png,pneumonia
1465,b2ea9c20-0653-4f5b-91ae-d91d7ff91339.png,pneumonia
1466,f002b136-7acc-42e3-b989-071c6266fd60.png,pneumonia
1467,1a9c2e64-7cbd-480c-9598-9de93b69d6b2.png,pneumonia
1468,dde16ef3-48de-4371-8d7a-2748b20a73e3.png,pneumonia
1469,f7b45870-76fe-42f3-9833-acef8c336dac.png,pneumonia
1470,a2b6217a-2c7b-4cc3-b313-ec48bf272a2f.png,pneumonia
1471,c3eca37d-a537-49d8-9711-94d86157ac8b.png,pneumonia
1472,c857ee5f-f53c-4060-b93a-8c3437da80cd.png,pneumonia
1473,ca5defaa-00b9-4904-87dd-debcc3ed3d77.png,pneumonia
1474,2dce719f-1702-406f-a471-03f033f1822a.png,pneumonia
1475,1fd8e4db-3283-44a1-a591-6e3e49f248ab.png,pneumonia
1476,1889dd53-607f-4897-9be6-b2a5c078d6b3.png,pneumonia
1477,3cf1aff4-8d32-498b-a7fe-d2a6a5292d3c.png,pneumonia
1478,b7d0cb5e-5594-41f1-9426-c7aa2cfd945c.png,pneumonia
1479,3e475f20-70ff-4592-9524-5e10aee1568c.png,pneumonia
1480,80ef86fd-e36a-4c00-b25a-1101e5d9b2de.png,pneumonia
1481,389667d4-723e-4d59-9647-668106c276cc.png,pneumonia
1482,3703a60d-cd4c-4183-865d-82825a95af81.png,pneumonia
1483,af59f4a2-32d4-4888-ac7f-fc0bcc23abd2.png,pneumonia
1484,bf22936e-6390-4f6f-b7c2-9452972c3ab1.png,pneumonia
1485,aa542085-6557-457e-b897-43591ce22108.png,pneumonia
1486,228b3dc1-f78a-4ac9-b213-2a416583d063.png,pneumonia
1487,a20c1c8f-e16e-440b-89d0-2393ea43b340.png,pneumonia
1488,3f30761d-5615-4039-a155-0fd26f461742.png,pneumonia
1489,8dee40b1-4d3a-4d8b-853d-5651925b0ffa.png,pneumonia
1490,228b3dc1-f78a-4ac9-b213-2a416583d063.png,pneumonia
1491,42765f9e-beea-4f46-8af4-f1282095662d.png,pneumonia
1492,0428e86e-a279-4bdf-9b73-c9eead06a4e7.png,pneumonia
1493,4672156e-25e5-4bf4-8891-9e0e4a742c49.png,pneumonia
1494,c5d59db9-58ab-4164-9d77-4e9ac03ec273.png,pneumonia
1495,d57802e4-da7a-4a7b-b5ca-c662ab5b1411.png,pneumonia
1496,25d1ddb4-df24-4e52-8a84-b0dff45f9718.png,pneumonia
1497,45877324-19f1-49c8-90f2-037d0a6ebfae.png,pneumonia
1498,ace3688f-2479-4468-9759-1e9a1fe02d6f.png,pneumonia
1499,9388011e-2250-40d3-be0e-39bc418d984b.png,pneumonia
1500,fdc8b07c-8c97-4022-ac84-347f8072f07a.png,pneumonia
1501,3c4a89ed-4338-4410-8848-a0bf226f6e21.png,pneumonia
1502,fb10f71b-fd9d-43cc-a310-c5b48b7d22c8.png,pneumonia
1503,04a6aa6d-bd6d-48b1-822b-21b81c4bdf3a.png,pneumonia
1504,94a7ba94-9251-42c8-84b6-c3cac85a78ec.png,pneumonia
